x1,x2,x3,x4,x5,x6,y
-1.0,-1.0,0.016830947579288158,-0.3193311499647177,0.15725089043185392,0.8196300606600183,-0.4109965075034712
-0.09987725673344093,-0.8221455768562312,0.09156481164743607,-0.9504774270379253,-0.26949732553640326,-1.0,5.331368925345293
-0.8743545365350578,-1.0,-0.8632054518421685,0.9463796757881514,0.9117567054554967,0.45494226834945933,-3.806184950508076
0.028495595220429326,0.8491913965459288,0.4453077783210384,0.5489721223138537,0.3381834405935744,-0.17937346775348748,-1.0251596264480336
-1.0,-1.0,-0.07257189525266591,-0.8726668505457669,1.0,-0.16111573404764806,4.26829460829413
1.0,0.27642270912002886,1.0,1.0,-0.20084323368555906,0.8944938240471911,-2.517840572334037
0.3440693997725919,0.17405139098385747,-1.0,0.2866245434663193,-1.0,-1.0,2.4024775344361675
-1.0,0.8527817583042241,-1.0,-0.27442516908091685,-0.858060993771871,1.0,10.227970215062076
-0.35121366143257626,-0.8674386752824828,-0.8082494329888842,-0.3252185823090106,-0.8931572533957319,0.3265555340344,-2.156477677393455
-0.5625626436965796,-0.877382724840248,-0.22486230779337613,0.1907868219521271,0.6192542592099293,1.0,3.139488458662984
-1.0,0.6655341934290026,-0.6587301248175432,0.673437649501606,0.5180891031587401,1.0,5.897741350736078
-1.0,-1.0,-1.0,-0.28604385731194215,0.4149331332841004,0.09419343083764353,-4.589476384744102
0.6707552745035492,1.0,0.9477543138724529,1.0,-0.2501379470814007,0.46196511322164835,-2.241293581671142
-1.0,-0.49554694162120305,-0.4234303152294374,-1.0,-0.4591437410448054,-0.7013957361185115,0.7117726531196261
-0.8609475713585554,-0.28195132584286586,0.15545359140563378,-0.42199367004991817,-1.0,-0.8113947325045183,-0.3007439242265224
-1.0,-1.0,-0.8333220513975477,-0.05994774699597416,-1.0,-1.0,0.21782676474183427
0.31734384957855943,-0.6151437610551672,-0.14246502947742867,0.24948135272145894,-0.8661861076477568,-0.2372856656227713,1.8106512111477384
1.0,1.0,0.7714534519085425,-0.7053108646995121,0.9526072668942431,0.19244691233384703,-1.5920463118371373
-1.0,-0.5083861967075995,-1.0,0.14323080779866015,0.24430603138365903,0.3473462707310566,-0.5195178482631105
-1.0,-0.052045318524079454,0.8135127734842751,-1.0,0.19616188037120086,-0.08489699555421171,-1.45521396152217
1.0,0.2321625650476099,-1.0,0.16614792031009162,0.12766828876387507,-0.5845603473623469,-0.8927325722043679
-0.5892974410485317,-1.0,-1.0,-0.4072015919422769,-0.8437778215458034,-1.0,1.3212548591662547
0.059495996487508696,1.0,1.0,0.23353102202491638,0.21592779902718173,1.0,-2.6769067324579368
-0.3626596366032775,-1.0,-0.8072070719668831,-0.6236080050273147,-1.0,0.20975043517204495,0.3843902288304055
-0.39553394663661634,0.3741807594137925,-0.9181880301324102,1.0,-1.0,1.0,6.1092147275787525
-1.0,-0.9475273925623301,-0.8152228024574406,-0.5217783078423852,1.0,0.21718901227954968,-2.492826515093641
0.9571498159379248,0.5468604512695192,1.0,0.4048586598554531,1.0,1.0,-4.384531156086442
-0.23970416971002875,0.06292998123441673,-0.7105970004304684,1.0,-0.09952721964113265,-0.45158590112254227,-0.9977192040368403
-1.0,1.0,-1.0,-1.0,0.1274127012505497,1.0,10.892117091698726
-0.4358220235435466,-0.21741039237412896,-0.1895143511002264,-1.0,-0.2184984810257893,-0.024293822071900104,-0.8548416830795463
0.6017430765423673,0.23696160167976438,1.0,0.38037447123072843,1.0,0.9313222810625624,-3.555090190329832
0.0017052623849920234,0.2373933173874201,0.8414942680414346,0.8191186319839536,-0.018622845518300735,-1.0,2.348509794865626
-0.11562652148539049,-0.5653223427681905,-1.0,-0.6693922842242946,-0.612194616047878,-1.0,4.24752818696717
-0.7239369743407955,0.6982762276832415,1.0,0.5341482627122927,1.0,-0.9975748051580275,-0.9854704179660256
1.0,0.18531466926397777,0.7610296393943281,0.12878797248308538,-0.7508208188804608,-0.4390746707180688,4.3281877117296945
1.0,0.5587672187553847,0.9697214362975843,0.40767146849975266,1.0,-1.0,-2.7652403767341687
0.07963500341203483,-0.1404656129101821,1.0,0.033097225712144684,-0.016080270158328636,0.7001324293691967,-1.3181807790978735
0.1957575008265071,-0.7972612004227296,-0.05613772264519845,-1.0,-1.0,-0.8433564893096119,8.661919617461088
-0.8557594359271844,0.4383381564297773,-0.6442319347875827,-0.9846583344304721,0.4557004443671188,1.0,6.759243165912238
-0.305095546555547,-0.17972022376580443,-1.0,-0.8773120105294506,-1.0,-0.36969259197836024,-1.1582763280243318
0.7772540641017662,0.9941756426754207,0.7456682482661121,-0.1386086530741557,0.49367338456337984,0.2399670665498599,-1.6219508021798037
0.7261169077922676,0.11285523066554215,1.0,0.4528937278350469,-0.6487842429986913,0.6068546494150675,0.988161136124579
0.3562165757212843,1.0,0.16092335106830902,1.0,0.3391022688302455,-1.0,2.263191736008319
-0.28316269343777134,0.10767677543051335,0.0500183903428717,-0.009797453317918703,0.8042018101881192,-1.0,3.0630167517522473
1.0,0.7236912474261354,0.714665299468904,0.5217513054552261,0.472458732954384,1.0,-2.134677433240362
0.030343435610180047,-0.3485964218762438,-0.1832225558145345,-0.05391858962493967,-0.24869967959491102,-1.0,2.636964331529155
-1.0,-0.49993508386594887,-0.276208671611493,-0.7747313415203354,0.3572545008559862,0.14416949780337185,1.3474482866132387
-1.0,-0.3720092821392065,-0.06514816836228632,-1.0,0.8603985585858427,0.06810988447022048,3.903246783214214
0.8912342795964838,0.9846698456305516,1.0,0.4483232750319044,-0.7947016459272518,-1.0,2.9729865553778936
-1.0,-1.0,-1.0,-1.0,0.536994423057309,1.0,-2.186063317209435
0.16070389333743418,-1.0,-0.12393889514647002,-1.0,-0.721067796078954,0.45592468194126834,3.425759697066123
-0.2458130438918212,0.08290812078649035,0.26240329865047785,0.2778762787051183,0.2444429367278207,-0.6847905651391129,1.5318402979509467
-0.7919745782936747,-0.932519342449976,0.9029201394269799,0.4565399057232886,1.0,0.9503179586236419,2.7228018220183268
1.0,0.874909992825288,-0.4242191899470309,0.08890480476082374,1.0,1.0,2.4089481956029424
1.0,0.9591120443337511,1.0,0.0864493756556517,0.4070991362256864,1.0,-4.123317987640847
-0.9136812975251499,-1.0,-1.0,-0.5256388512889791,0.09685609332582201,-0.09862682638982787,-5.349436246861095
0.6491348315791684,1.0,0.7502168975788248,0.4599760457218677,0.9708201679768899,0.4104904974798982,-3.6038714481945537
-0.7271162765566298,-0.3833433531732974,-1.0,0.4701986414415777,0.23159721110288745,-0.24504357715758024,-0.007755890921081088
0.02164098483449306,-0.7345144736543671,0.8964037033853083,0.02280369710769195,1.0,1.0,-0.5656563162743617
0.09705910953308461,0.22760118275636868,-1.0,0.9384203492241182,1.0,0.9229842091441547,4.196166783234992
-1.0,-0.27453417076858005,0.8173465109532723,-1.0,0.26885938209389865,1.0,-3.8538248597692846
1.0,1.0,1.0,1.0,-0.1665974694615886,-1.0,3.9482970473766765
1.0,0.5710601134002562,0.19582205982005652,1.0,-1.0,-0.27464019687044666,4.145949984617006
0.46624134551627144,-0.48009220751742215,0.5656951812799117,-0.6913914456069232,-1.0,-0.8174469858813733,6.014490165023585
-0.17357705616157948,-0.023744837551499032,-0.07521339447543274,-0.8803172566967421,-0.65429104666749,0.4838558504408327,0.5534001097682407
0.7949052178465679,0.3049546726530974,1.0,-0.39983060696888184,-0.5641719283419,-1.0,4.326183263623798
0.8081532538429821,-0.6752741521306627,-0.43476146859751164,0.05593771444329504,0.29337846046313354,-0.5427756868074328,-0.42064189049390277
1.0,1.0,0.7967284681797115,1.0,-0.8284573800579254,-0.2801135241166826,3.6337884035349846
0.5196657268107203,0.3882597610278694,-0.27932093916484757,0.37822760565304403,1.0,0.8017121884338889,1.2530060841209476
-0.9242107937561233,0.173820421271784,-0.585586756655621,0.015740777577860188,-0.4145813752549111,-0.6129381713521013,-0.2449437924427441
-0.18001624372387265,-0.8017877120870954,0.659683173017293,-0.04428456689793647,1.0,0.19509066993000757,-0.018999642120269056
0.252636205600994,-0.49876739073239995,-0.020361148461115683,-1.0,0.04876146291754185,0.6784728861407723,0.47008029112610356
-1.0,-1.0,0.04540437018365362,0.5463684446418322,0.4183533069591503,0.6273523667973258,-0.21642503194611507
-0.6447476230017528,0.9739524964948353,1.0,-0.6629814457835573,0.04805176401653588,-0.10629173184553065,-3.0969540568587397
0.5625746721208496,-0.8968883548548061,1.0,1.0,0.2055462164383575,1.0,-0.1101037745541526
0.213256190408914,-0.4665601323699482,-1.0,-1.0,1.0,0.2740449688930387,-1.6069555557274502
-0.11412973003393068,0.4080737870391835,0.49790492846689194,1.0,-0.17423210392539504,-0.5660106067322853,-0.16829243803799265
1.0,-0.3274834590985456,0.380783361601288,-0.6870994942470321,-1.0,0.01016768074909967,4.311052009707609
1.0,-0.2379319514921472,-0.9205665845944271,0.42866577991082455,1.0,0.5096581227493044,-1.9610825887062209
-1.0,-0.7988085029296319,-1.0,-0.19347593048722334,0.11690908833757249,1.0,4.3632658062097605
0.8328082036398885,-0.6780662420926848,0.30275266680532115,-0.47614532827083744,-1.0,-0.6886860709037654,7.949365733883338
-0.3772815650774015,-1.0,-1.0,-1.0,0.5849175238544575,0.023302428910402684,-5.5455130085430095
1.0,1.0,0.01658816193525199,0.5816529995134829,1.0,0.42610311406207857,-2.186789784752076
1.0,0.5653240597531386,0.33192765639219557,0.7644823455931353,0.4959339619155587,-0.22421212349083341,-0.3324606741734589
-0.33930023023235345,-1.0,-1.0,-0.37254314722996207,0.3043077498915252,1.0,2.5024193225857005
-0.3236179523655759,0.14434615123334948,-0.06753749960413247,0.30129843558328107,-0.29589674085088813,1.0,2.1773815404821995
1.0,1.0,1.0,1.0,1.0,0.6129087126991359,-9.0457716326036
-1.0,-0.16580013990450637,-0.3610997946786114,-1.0,-0.5798436287825764,1.0,1.2385996141344844
0.36371568029531554,-0.9243264232020589,-0.4518210002618752,-1.0,-0.958791222215614,-0.9543259461036085,8.884240993007463
1.0,1.0,0.3131723657774148,0.06082115163042223,0.20732544693699317,0.0669122415751029,-1.3307377339649775
-1.0,-1.0,-0.9644949753261038,0.43059415266703965,1.0,0.7834142763119182,-0.22471712286902867
-0.14899217828497058,-1.0,-1.0,-1.0,1.0,1.0,0.2907965790818938
-1.0,-1.0,-1.0,0.7726154200000983,-1.0,-1.0,-3.4530333986631567
-0.7335799002265926,-0.7549399136340518,-0.3863106601121551,-0.4802803648368292,1.0,1.0,3.8932272331985485
-0.03575450821743431,0.35553679104483316,0.7542877419322167,-0.30659856847364736,0.27015075432817115,0.05894145324497119,0.6146769925911577
-0.4311179025667531,-0.11223055709414842,0.5572433255515393,-0.9173404944628782,-0.17398915189364117,-0.8951773085416033,1.8760994499698478
-0.5985069852602571,-1.0,-0.8767251497334394,-1.0,-1.0,0.6140323956361091,0.80354865712837
0.044100319341010955,0.10786873147318393,1.0,0.2133555936889601,1.0,1.0,-0.7550074121877779
-0.8099324840489373,-0.013387385961084908,-0.538876140870604,-1.0,1.0,0.6673003525667492,4.8102538398815895
-0.5992444051716348,0.5797744085148158,-0.09841702889705786,0.9360382713115853,1.0,0.18905289116191382,2.2207300917383153
-0.5660584748155778,-1.0,-1.0,-1.0,-1.0,0.7329267777096765,1.2927542759824273
-0.09934598233516878,-1.0,-1.0,-0.6548802166388801,-0.6783341318328047,-1.0,3.0863415044246674
-0.7716671948570641,-1.0,1.0,-0.5806120447102914,0.45876136382703336,0.47685251899549025,0.47586964978074386
0.28929292192901646,1.0,0.6727607663096764,0.45381299191701335,1.0,-0.07657991755614724,-2.832643209309551
0.2738379955828998,-0.013626703952318672,-0.3383229069976471,-0.39049438810922804,0.25329584976689157,-0.4022153157830016,0.221532522436524
0.4415091637358284,1.0,-0.17253534317406172,0.863721197340803,0.9902092395130462,0.5614873942328928,-0.07330426020516012
0.04670835744288748,-0.9298054508581175,-0.7044552128229113,0.42858526994172125,-0.8828231792141013,-0.997317827799529,1.675115530158639
1.0,-0.016531857648408366,-1.0,-0.21610641358322757,0.9092377996360724,0.2052011165851111,-3.5453549393557005
1.0,0.8197780495049181,0.36231458351339096,0.6451463713793582,-0.536073166543122,-0.021533118557821126,2.581146728795093
0.6628882934627959,1.0,0.2438031813442264,0.8439034540486333,-0.33197491103843857,-1.0,5.786219158790888
1.0,-0.36494451589018584,0.16969599767099097,-0.5627032583077568,-0.06459609956433099,-1.0,6.818603448205726
1.0,1.0,0.8879493868482254,0.4448682500486598,-0.800207592557925,0.5574642694838144,-0.2771655321699561
0.38652897818555976,-0.6057865231644293,0.13709199300657088,0.6049464103279085,-1.0,-1.0,5.669191357744763
-0.12060229747148565,-0.14086441972461788,-1.0,-0.6638284553993423,1.0,1.0,7.477994329525731
-0.9245727682368273,-1.0,-1.0,-0.9411924618604794,-0.6433118265920661,-1.0,3.062509821005582
0.4658341263512521,1.0,0.010370777946287213,0.07800164270793342,-1.0,0.31222058861305796,1.8179093273353555
0.5101896885567918,1.0,1.0,0.6254406558837533,-0.01009351691040572,0.7823117592867941,-3.5362208656321164
1.0,-0.6388236468643373,1.0,0.22481062965470072,-1.0,-0.11903220021715644,7.3329100601647355
0.31510967721423516,0.7721084487877465,0.5027526305125922,-0.3044028661371038,-1.0,-0.8682608574052054,0.9677514252284423
-0.11190095784170395,1.0,-0.16840891320899676,0.6881892155284093,-1.0,-0.10631384835643232,1.1870223735008572
0.8422194444736354,0.7126736948476888,-0.19392721886181652,-0.694832277443004,-1.0,-1.0,6.129362955572141
-0.6800626549019835,0.923587953652431,0.2912989189731223,-1.0,-1.0,-0.13391382177885303,0.9340082670830295
-1.0,-1.0,-0.8844030151231768,-1.0,-1.0,0.31033212332828203,-1.6349608393632256
0.14868034338279193,-0.7699276457891769,-1.0,-0.30743393361167604,-1.0,-1.0,3.0507304973710623
-0.7943128536151929,-1.0,0.0656578881137726,-0.3221601548410671,-0.0318391118222604,-1.0,4.6256592806596135
-0.5663421269400712,0.32498752246873785,-1.0,-0.18149741990587404,-0.7625114305853999,0.33668214395197027,-0.537925124656987
-0.6614295385542137,-0.4592131989157806,-0.33303876631391227,-1.0,0.12372781620131157,1.0,1.2789691155115464
-0.2440915132849133,-0.22865514309504809,-1.0,-0.23084093135061012,1.0,0.552813086949556,1.831997598905402
1.0,1.0,-0.5314380710930183,1.0,-1.0,-0.3605225515616621,7.4544195198113865
0.8329718259294294,1.0,0.9113017111720154,-0.22163635051722202,-0.20013492714834688,-1.0,-0.0026776653886962376
0.45834592946202235,1.0,0.304130623332848,1.0,-1.0,-0.6865341124767593,5.017751712368218
0.7209896254700583,-1.0,0.914029022337195,-0.7600891353043329,0.30831921931176276,-1.0,7.924403870096886
-0.3803172607002758,-0.9063683152044515,-0.05843970766065787,-0.23069237788582014,-0.5216039393530824,0.20882285908648124,-0.697374886156201
-0.5694916784697103,-0.6686419682003324,1.0,0.6335807577041395,-1.0,-0.9891837549402633,-0.731571620060828
1.0,0.9811513857350362,-0.9804118858990191,-0.7647272020877616,-0.27036884160799046,-1.0,2.177483274136983
0.06239941162792664,0.1389851429880869,0.08274926738091098,0.13552535414283445,-1.0,-0.5793034633769918,1.1878991118278486
0.45371570750530127,-0.412108024813832,-0.12336268684520524,0.6498496137929578,0.6139079942646344,0.8505825891991097,2.263271663669795
-1.0,-0.37534764257115505,1.0,-1.0,0.54766436879468,1.0,-3.6757262050593513
-0.01759004347549642,0.553152908649019,0.4440271003832121,1.0,0.548089849103172,-1.0,2.4271858564323368
0.9515801628160283,-0.44739692033139383,0.16760337032315387,-0.6226742454377958,-0.22775500036161003,0.5609500502297898,0.5443485494411473
-1.0,-1.0,-0.5284358817564907,0.4698689804701927,1.0,1.0,4.735082400733022
-0.3702736909351757,1.0,1.0,-0.07494444688860546,-0.4767484415156298,-1.0,-1.8424160448203866
0.30577399771726854,0.04722588758335822,1.0,0.381583443898159,0.4594568119402004,-0.6119334710737443,0.24576445513816295
-1.0,-0.6867458132382362,-1.0,-0.9757599634070342,-0.9345767619712886,-1.0,4.594437426563623
0.5254519651449227,1.0,-0.46699338847718086,-0.28586200851459814,-0.5341197355468558,0.5889892810197619,4.782815659638608
-0.6701698427146161,-0.23832336142852406,-1.0,-0.7418726539709743,-1.0,-1.0,0.9518714025958334
1.0,0.6416011339222429,0.4180237602988768,1.0,0.6443456281991637,1.0,-1.1488734456986713
0.1926625894672499,-0.7634836647346909,-1.0,-1.0,0.36797923371852226,-0.2569946186892146,-3.42652858935365
0.5865680176085866,-0.459009008059068,0.7079761523314172,0.3088267085747306,1.0,-0.38204957893877256,-0.4657837853908414
-0.34236462376503973,-0.9105965495151955,0.15675792153704055,0.3007180815886127,-0.6648643902030494,-1.0,3.2302898792701074
0.2957996696551126,1.0,1.0,0.9274961467244698,1.0,1.0,-5.872370458186812
-0.586754570617356,-0.1802415600319649,1.0,1.0,1.0,0.6293831863773107,-1.0242240726108613
1.0,1.0,0.13751170257371875,1.0,-1.0,-0.8117064129905507,9.261514951877603
-0.6011322573153088,-1.0,0.5748671183018861,-1.0,-0.8876077457851299,-1.0,7.697830448424126
-0.739433165951524,-1.0,-0.1396904506303014,-0.6508628720371271,0.18537286982055767,0.740519972979526,-2.405300830644549
0.4493026719734755,-1.0,-1.0,-0.7365382199874668,-0.7517716554364682,-0.5170288865990795,2.316199818816962
-0.6009746552066035,-0.656389655940145,-0.5832416750613252,-0.1126824478787325,0.5091803588606295,0.10098356082256993,0.09680160631820856
1.0,1.0,1.0,1.0,-0.6268507718060028,0.04769721565232444,2.269167571537482
0.4496467257003287,1.0,-0.7625433031952611,-1.0,-0.8356779415737527,-1.0,4.051412601250157
0.8474325571470691,1.0,1.0,0.8252864982049075,-0.0660566587603012,1.0,-3.895823010489609
-0.5355423687057608,0.8635582274426691,0.4191066183693385,-0.6112860771719105,0.27049896853796107,1.0,2.5413089396944364
0.38310663374546583,1.0,1.0,1.0,0.09714100610437038,-0.21942179498824455,-3.973219130727857
-0.9303559870350432,-1.0,-0.11669129867158867,-0.17124890296516793,-0.005684309992382119,0.23560566500041502,-0.591791480461574
-1.0,-1.0,-1.0,-1.0,0.4732570135867702,-0.07478287646305623,-7.748545588665099
-1.0,1.0,1.0,1.0,-0.020707284642638435,0.8257102403378072,-8.999520404983155
-0.8211552568030155,-1.0,-0.20433095691285152,-1.0,-0.10474274222422195,-1.0,5.064441066760704
-1.0,0.6322687836864345,-0.9795537712894798,-1.0,0.45802580302157403,0.29832209160343715,0.9048371019773308
0.3026770460538073,0.011729287475304995,1.0,1.0,-1.0,-0.3846254740327184,0.13443640104647975
-0.16825311872040172,-0.08115021712724979,-1.0,-1.0,1.0,0.3895452746096262,1.5807134936251444
-0.09755432983855938,1.0,0.1913556572471672,-0.44468586159291074,1.0,1.0,6.357785027210196
-1.0,-0.7405810347695081,-1.0,-0.6742853681590526,-0.3985459563910349,0.4445787138119726,-2.6591848712572346
-1.0,-0.7301630015211706,-0.7101967444599049,-1.0,-0.3448866229132974,0.7385080602968576,-2.0464524393564076
-0.796414919976726,-1.0,-1.0,-1.0,1.0,0.5272956954147935,-7.610676508572905
-0.43587244132841474,-1.0,-0.6766875653993369,-0.3231374547812642,-1.0,0.5520965095295429,-0.34146272568184866
-1.0,-0.5230624093962455,-1.0,-1.0,0.5150012103328745,-0.4805726022094108,-1.0774633303604648
-1.0,-1.0,0.361866474665048,-0.19859072135449563,1.0,-1.0,8.759305099018325
1.0,-0.673068135072507,1.0,0.42668438398814823,-1.0,-0.25804060118077654,7.3707270005923435
0.726008572601136,0.04330440282050174,-0.17983568979433356,0.9310340240803845,0.5441400072734381,-1.0,1.3498119669280866
-0.25061538697574215,-0.13754358158478208,-0.3400270302882654,-1.0,-0.5174337059021227,0.5241190681658549,1.6563209949219186
1.0,0.22621829432531704,0.9168915114671546,0.9079729154134311,1.0,0.6490990505668791,-6.281258689195519
0.5867210926406539,1.0,0.40125871250247225,1.0,0.1329647676447886,0.2894612980792477,-2.0935665438807924
0.5318129604133413,-0.06878315905930457,1.0,1.0,0.687356189023888,0.6815006358301905,-3.0614163893135404
-1.0,-1.0,-0.1550392485155481,-1.0,0.38081946620776586,0.6846096652197451,-3.2055644046307794
-0.08609824726437934,0.6315372943542349,-0.8638801704530271,0.9793901470482743,0.06831584672969726,0.8416358400387585,3.317639094265937
0.9245649155148145,0.7707555566191786,0.719881651176359,1.0,0.5000301253335775,-1.0,1.6592444889472486
0.9105545135745263,0.5412078248872162,0.3132471846771846,0.20642252276695894,-0.4091318294382161,1.0,3.607905646177219
0.13498121285036635,-0.1199477652709244,0.01304276571903118,0.18418369246715116,-1.0,-1.0,2.0767988603098972
0.5233227970979395,-0.6532392301481615,-0.10549017066906188,-0.1306713161599687,0.9674641986999566,1.0,1.4868235702262165
0.029790831509393767,0.05131037948553696,0.9521001487365269,1.0,-0.3166820755219426,0.27719787848853594,-0.9043598915764834
0.9331072903116573,1.0,0.9137383031257773,1.0,0.437740905831015,0.4633759225418103,-5.6129116373764365
1.0,1.0,-0.1952983350429809,0.550092105144497,-1.0,-1.0,7.594855136878036
0.9172627617090576,0.30907073707766197,1.0,1.0,1.0,-1.0,-4.255377911725542
0.03872876496682104,0.6551240813005474,1.0,-0.13414804392890278,0.49626431803566967,-0.26552987423850105,-1.21459786025996
0.05263023124084398,0.5457894355312883,1.0,-0.48599904978577657,-1.0,0.3313050613739885,-1.5429084599092366
0.3491934016433039,-0.040011416694405,-0.10369887352710333,1.0,0.6047897015022463,1.0,3.8356185087974803
0.03441067059352437,1.0,1.0,-1.0,0.7043181424017622,-0.846084216416803,-5.5477965340170465
1.0,1.0,1.0,0.02410506575411414,-1.0,-0.8590207849479761,3.6151108346884513
0.9310552517603313,1.0,0.8682958495694647,0.6572446570345969,-0.08908670561419951,-0.5019707255528791,0.8889278471715548
0.30642589338554715,0.29267375480405544,0.0480687265427413,0.011124570603364914,1.0,1.0,3.113053414874168
-0.514064492800765,-0.5801951394316626,-1.0,-0.27326412259395605,-1.0,-0.6103811227200593,-0.8753062013110287
1.0,1.0,1.0,1.0,-0.6018689959091704,-0.11810453138744004,2.77795261956672
0.5917291160348183,1.0,0.9599744782574128,1.0,0.6126720166908539,0.4176432375957099,-6.923429366646458
0.004696167492415082,0.38479509798628775,0.6451173777856776,1.0,-0.4351549530480052,-0.3494642703875408,-0.31373185280969584
-1.0,0.09169663330202497,-1.0,0.27334092899129164,-0.10550344397309275,0.2688956595656353,0.00189131431689199
-0.04641232882371127,-1.0,-1.0,-1.0,-0.14815588221191145,-0.4682881619650555,-1.958900856002488
-0.15606859077113977,-0.761593430260592,-0.5216815039062481,-0.6956019134579841,-0.40030402572752943,-0.16269884609875152,0.612393581192858
0.2800199166397289,0.32140969393127056,-0.9088371088178879,-1.0,0.3192364155573074,-0.5218786517485932,-1.0850954111208537
-1.0,-0.5959896641962081,-0.17737381035255284,-1.0,0.8658840646168687,1.0,3.928497370581447
0.4396223760612501,-0.3367174447373452,0.18834258861928882,0.8339828708333081,1.0,0.896918134443224,2.682046204558257
1.0,0.4544485977005172,0.35692531097677527,0.45992910078049654,0.8930934222519833,1.0,-0.8519511272637049
0.99154639915351,0.6097575992086239,-0.09979961841883866,-0.14699571462420558,0.14982676579159784,-0.5431701650789273,0.6043343655552539
-1.0,0.0021929689283738674,-0.005622171908330698,-0.2822824797236646,0.35694359651183516,0.5387835475510284,1.410656889925956
1.0,1.0,0.8594985357774687,0.4826834279822667,0.9477299247367331,0.16291335299961873,-5.047954072203415
0.3986809117206367,0.01749981693138314,1.0,0.0035937323595993664,0.7539635852768031,-0.714680518578944,0.022972221555180028
-1.0,-0.6114320123626715,-0.22877008657541056,-1.0,0.03307986210818337,-0.8768664272786332,3.5432645787911796
0.09373518847969016,0.02006306605048236,-0.7733029242226299,-1.0,-1.0,0.76357258773032,4.059678022538302
-1.0,1.0,-0.6651240360716264,-0.8618473112187074,0.19255708064644245,-0.1058337268838545,0.34006610445570284
-0.1333712018665888,-0.6944750764483333,-0.509886907567144,-1.0,-0.3721952370270851,-1.0,4.0856973527384515
1.0,0.20546382063188207,0.9905480054324952,0.2635118110695895,-1.0,0.9109572574676699,3.399842472706334
-0.09568247076934167,-1.0,0.644241298282,-0.43689200804129225,1.0,-0.9840202713528243,6.839617176714909
0.8078967310946874,0.30390032055003025,1.0,0.6383439770670589,0.12208957010038779,1.0,-2.9585350830575057
-0.5112247898357701,1.0,1.0,-0.8168971198164398,-0.08792178393110084,-0.09260312550813043,-3.627062513247832
-0.7404150616103717,1.0,0.685194209758217,0.8124218954320663,-1.0,-0.9260054424848194,0.5933599093025035
-1.0,-1.0,-0.2739280743100577,-1.0,-0.7765954756735414,-1.0,4.872389292932152
0.9078219512750829,0.12285090347389005,0.3555255025494155,1.0,-1.0,1.0,6.450230524188651
1.0,0.1335311029289743,1.0,0.4844606371101998,0.47730481580409956,1.0,-3.1088844183374267
0.5160273677701293,0.5735997477615908,1.0,1.0,1.0,1.0,-4.2671891235672454
0.17902474178618233,-1.0,-1.0,0.555020589942891,1.0,0.3500604108175187,-3.1997248215074645
-1.0,-1.0,-0.42130767456992624,-1.0,1.0,0.9268175015722494,0.35793973402446516
-1.0,0.15413287315121382,-0.4394713686524626,-0.8777695868389576,-0.19058658945690954,-0.4111670005525765,-0.1229045053922948
-1.0,0.10913085814804108,0.5558436007105803,-1.0,-1.0,-0.848448868905672,-1.734998440543023
0.6292918764568173,0.026525409103667075,-0.18601809460592578,0.07976555352462582,-0.0707555934624915,-1.0,4.304809047051889
-0.8227327039177539,0.03239733914115961,-1.0,-0.42690579800000544,-0.72563315276441,-0.4853074199897226,-1.7341876752355125
-0.8324736563804797,-0.32621719283642014,-0.6436003718654748,-0.07724865927041236,0.06505066208539667,-0.18759426324493078,-0.07589096027405795
-0.21138233574647192,-0.6471013298308484,-0.3175682485083282,-0.20003914272615098,0.7448629411027947,1.0,3.4272630581822123
-0.6483026466754191,-1.0,-1.0,0.6148975027587106,1.0,1.0,4.456815537954727
-0.006747901599028827,-1.0,0.1015563978729726,-1.0,-0.5262979225598007,-0.40233314627909433,3.0358776914383996
-0.35799452084650385,0.6432374482211753,-0.3757924492047659,-0.4470705317485191,-0.6486130280784237,-1.0,-0.3021430587627958
-0.1874138867414108,1.0,0.3637613058612965,-0.9760530898997848,0.1190022122798493,-1.0,-2.160387040083205
-1.0,-1.0,-0.2470530059225218,-1.0,-1.0,-0.7432917449445262,4.919192762173533
1.0,1.0,1.0,1.0,-0.46203922838714084,-0.1295553010781927,1.707996859157114
-0.9230357503194488,0.37057858938186117,-0.28171364264343146,-0.2142626742790773,-0.9558208871738774,-1.0,-2.0065112081571765
-0.15895732518085154,0.03317287121434748,-1.0,0.0916691298854404,-1.0,0.24437451635525598,-1.0953393130488054
-0.26082583445398777,-1.0,-1.0,-0.6282222633202161,0.08178965777920003,-1.0,4.323698725193305
-0.21545267933269896,-0.1561711887622277,0.9446563594358742,0.30395003720987596,-0.18074418075678939,0.6717658167003521,-1.8081051187070027
1.0,-0.9145817290212863,1.0,1.0,-0.6391014427042533,0.403626370788868,5.697457209082702
0.9359667695979952,1.0,0.3549140124089116,1.0,-0.12691580167146743,0.8008183325675067,0.796222374734025
-1.0,-0.39477837002184746,1.0,-0.3182343411140866,-0.8833213560208206,-0.5030798035347379,-1.7921715701156304
-1.0,-0.8672564197463186,0.17588325339342792,0.00947327910890916,0.0005628462817892643,1.0,0.7195498220047951
-1.0,-1.0,-0.325209919313463,-0.3870528703479499,-0.34497266358516965,-0.3414355388286851,-0.6321397678456803
1.0,0.9218186480618416,1.0,1.0,-0.6245159312451917,0.6651834613394726,0.07681227279655156
-1.0,0.08967947350631322,-0.9349146904596886,-0.5135446914344977,-1.0,-1.0,0.1415442246684565
1.0,0.043387727414642585,1.0,1.0,-1.0,-0.38212313995854186,5.539036314071316
0.5940838825765989,0.33492479575406686,0.10952616628433945,-0.15888985468425207,0.5237641173731219,-0.6695019779715176,0.23861865198999274
1.0,0.35587464745624775,1.0,0.7241151281193303,-0.6762829895737426,-0.13880499907525368,4.039752726861349
1.0,-0.6105313010814458,-0.04375998949559043,-0.7206873949960096,-0.45116981551235263,-0.33312097100545474,2.9896218765829627
0.1290086057765163,-0.4429428737977923,-0.6381819304731168,0.0894784124992915,0.6675362642066689,1.0,3.46307063156161
-0.19664142328344392,0.4799490244466362,-0.2440841520055438,-0.2381868690327037,-1.0,-1.0,-0.5592027024507963
1.0,1.0,0.22234645223899996,1.0,0.7475206816903466,1.0,-0.597963686599486
-0.2807123889426124,0.06704323295696701,0.022447469381405072,1.0,0.4258404966284398,-0.2543960655249372,0.1328586742612891
0.5528933044184445,-0.45090447474260376,-1.0,-0.712952167689031,0.35575171181247095,-0.03171079479399569,-0.46866802033137
-0.5271927448181378,-0.6484945157961716,-0.8407454652845332,-0.6260256561714892,1.0,-0.09993118679417357,0.01468357207751314
0.6157787019587683,0.5651023551488827,1.0,0.3148539217443671,-0.6572428100305603,0.7643560935284671,0.220445041383607
-1.0,-1.0,-0.47755675217535365,-1.0,0.3910071326532668,0.6208812521518821,-4.064963422323821
-0.9123905388153171,-0.5183359480076012,0.04691325929689982,-1.0,-0.16038646110409738,0.353141479556925,-1.5294631816252688
-0.8583350873329174,-1.0,-0.2507947763851074,-0.18953126102754791,0.7583354150660995,1.0,3.6708239264004128
0.19231956025751307,-1.0,-1.0,-0.781438771236691,0.8595173392508413,1.0,-1.2340985443146266
0.3842734951484229,-0.15403432064976197,-0.6546791416655927,-0.3774242481554395,0.3461982823023482,0.33397919767846085,-0.3735054816282876
-1.0,0.52128191615439,-0.5793046333587313,-0.658059530299241,0.382217115238436,0.3001052769762914,1.3529418976980323
-0.2473819478008109,-1.0,-0.27741749437483765,1.0,-0.38529458180711784,0.1359739623649912,-1.1070556626134667
-0.01311555944679571,0.4220230807732693,-0.5547981966365667,-0.9530967946764726,-0.19244672985659117,-0.5749813096849017,-0.7952119532566913
1.0,-0.38115449518574307,0.8654229646215476,-0.28671711630168095,1.0,1.0,-5.9612613360325035
0.44706112132582365,-0.8836428865420092,-0.08707935403151823,-0.6213779961974433,1.0,0.5198636134376645,-0.8586975012353731
0.529711918474407,-0.012931477106007394,-0.5687488467601293,-0.36756624811531224,-0.6700331496555232,-0.9441856383755791,1.5468375201921973
1.0,0.8972180124553248,0.0859061059593525,0.9196094385479567,-1.0,-0.9183339204842893,9.746350730668516
-0.29255851566426583,-0.6311885880073496,1.0,0.5689464797475712,0.20187171379453395,-1.0,1.8389484001127196
-1.0,-0.9693810238241357,-0.58053282994561,-1.0,1.0,1.0,0.8933261532919776
-0.5613873218629775,-1.0,-1.0,-0.8445885022726498,0.06809570245125252,1.0,-0.41026416529580906
-1.0,-0.38187291144327373,-1.0,-1.0,1.0,1.0,6.4299944152823745
-0.8606602731815054,-0.8852214909994308,-0.5261246938599298,0.30202841518351115,-0.8360596953417292,-1.0,0.4260139350043121
1.0,0.716207418936166,1.0,0.9118297359476003,-1.0,0.17182516771500778,2.869869402390546
0.02675942620918048,0.72416784970318,0.0025043052540900668,1.0,0.4298449567534931,-0.7691171683011232,1.1679459057327104
0.4984718865287239,1.0,0.43824519047698973,1.0,-0.24240864717348498,-0.2026411049536181,0.5419904841932576
1.0,0.8179757388812873,1.0,-0.026273099855668614,-0.7355248954779824,-0.44054586674455837,3.3057484989873087
1.0,-0.22896318508483965,0.4061730269800885,0.5167390237654115,-0.4077473674071801,1.0,3.2022444074218135
-0.08789752696222752,-0.44517204583649433,-0.28996610758072106,-0.5495809102278695,-0.3408646804033466,-0.4789265893704061,-0.02926066530533622
0.9757910916297161,0.8275333255589485,0.03465973139456513,1.0,-0.025939807982499063,0.22023019677381261,1.7053799246884527
-0.2018537131779602,1.0,0.6062455084051313,1.0,-0.284347751043185,-0.1942134302581432,-1.328429711188648
-0.9806772425388006,-1.0,0.13933656396096167,0.35721374616142326,-1.0,-0.42171354285546125,-0.2386060251594187
-1.0,-0.8371933583029525,-0.33763399499311025,1.0,-1.0,0.22102035439837509,-1.6439069250623564
0.08610443675784091,0.21182361211658263,1.0,0.6980435137460062,-1.0,-0.6711062609535804,0.47113517895558593
0.45492231542612216,0.8502954958914193,0.5895609272820268,1.0,-0.08480459859681577,0.1735075880183602,-0.8669071634425307
-0.016321829192808668,0.3638259180502137,1.0,1.0,1.0,0.7897374862822333,-1.9601796106406622
0.3651425568489559,0.564920788940702,0.33202446780027933,-1.0,0.7040344653283488,1.0,3.522309238201868
1.0,0.9523045551803323,1.0,-0.3612309031587911,0.027048394489393113,1.0,-2.828021829822831
-0.7843598875188607,-1.0,-0.0949584973589539,-1.0,-0.7103161700281282,-0.2688785491323036,2.010748570257279
1.0,1.0,1.0,1.0,0.29295130420729254,-0.8550468918868501,-1.2080042500824029
-0.27893828119450786,0.13023197182010282,0.034705632437257494,-0.5626879552641639,1.0,-1.0,3.471367971750358
1.0,0.43695345709418043,1.0,1.0,-0.4435579008321364,-0.613504649621716,3.504497549751313
0.25596614942604456,0.6305110338012745,-0.3523846293034404,-1.0,-1.0,-0.7042360639978453,3.2170967805538266
1.0,-0.008187128306045136,0.693518567250744,0.151395548906682,-1.0,-1.0,8.976342032243458
1.0,1.0,0.8861799195005142,1.0,-1.0,-1.0,9.114707141941578
-1.0,-1.0,-0.5111699717229603,-0.7751470021574711,0.5501418197368397,0.7488536307280215,-2.0548433515941116
0.08894629463241688,1.0,0.8185785356588402,1.0,0.17723523089435617,0.4046564015728306,-4.22385512686602
0.8598311894840619,-0.6211974297698157,-0.8259375009402241,-0.3718989099894685,-0.9359762743969726,1.0,7.461329638871447
0.8707535411736486,0.31566648369501604,1.0,-0.7128201557446525,-0.13569127501564043,-0.172437731173664,0.8610219422859132
0.11336906924124013,1.0,-0.7715341748700981,-0.3259779688004868,-0.12042155733715065,-0.2621832236191407,0.8767566009652563
1.0,0.5338230119106084,0.003644689539636703,1.0,-0.6331193917867486,0.14681666374947938,2.7884008951345995
-0.6122349263427721,-0.6042068570144647,-0.8560354934380098,-0.10901227269511876,0.6343876391564491,1.0,5.995893912283855
-0.25422871637453737,0.9790485792701717,0.758797981283218,0.7492118781787094,0.44361798251541995,0.9870639713028326,-1.2453359797920087
-0.4582639154089815,0.23229202477543692,-1.0,-1.0,-1.0,-0.8081067621864211,-0.11536603651915234
-1.0,-0.7982914262865605,-0.6014088078099982,0.005759588493485068,-0.6984521030786875,-1.0,1.9470473129476034
-0.703104771550962,0.18582291077918828,-0.1794285496009112,-0.22225759897083536,-0.13312845040350318,-0.14910166753785536,-0.7146207815622945
1.0,0.43534624363816476,1.0,1.0,1.0,1.0,-6.901096834050267
0.13201305359147186,-0.20327468417633854,1.0,-0.30275440609184623,-0.3941352452544444,-0.23443373235886467,0.7213126125631402
0.6283019361185909,1.0,0.09609914241572604,0.8534443685388098,-0.8639268973746341,-0.6239335508877517,5.057413641586109
-0.01327743987246116,-1.0,0.5569129815791465,0.16044441148105534,-0.8579723780870605,0.06653161626340122,2.0626717265037233
1.0,0.6396688831142858,0.545574919390254,0.2582673461702329,0.21983352189969718,0.323334212296301,-1.705562829242857
-1.0,-0.5498157696782511,-0.38838420870374135,-1.0,-1.0,-1.0,3.0061875473376802
0.1813649584590309,1.0,1.0,1.0,0.15602103966048975,-0.48885406794572417,-2.7581589095406374
-1.0,0.2789228885673187,-0.8846670153922729,-1.0,-1.0,-0.01962581093137511,-1.8418819512573916
0.7549440402406952,0.3168100871866738,0.8562291430684816,-0.4381203537837178,0.6072535969322532,0.5781038346263725,-0.8420088901376472
-1.0,-0.009634144070937767,0.8872786824811358,-0.3662631685140506,-0.2128284220311255,1.0,-2.452115104915056
-1.0,-1.0,-1.0,-1.0,-0.07835108276649672,0.2706296661517179,-7.323072033934428
-0.1662270073151857,-1.0,-0.34464625066850285,-1.0,0.16252001370751099,0.9465483946326374,-1.8361428711010523
-1.0,0.01139565217786942,0.7700586314460237,-0.5725837478829006,-0.8987627534928313,-0.5127954042601306,-0.44083513714031763
0.32431056576503803,-1.0,0.12676878613666392,-1.0,-0.745541476149483,0.06667451861024876,4.166434582844212
-1.0,-0.46555639127107695,-1.0,-1.0,0.36451413230362895,-0.8573917757156493,3.5894934843607147
-1.0,-0.35279036047686363,-1.0,-0.8477559463763809,1.0,0.8795547292910422,4.939500472814157
-1.0,-0.1624545688598824,-0.299874198179812,-1.0,-0.3203539545767765,-0.16428084365801643,-0.8804869441470262
-1.0,-1.0,-0.4874057017349098,-0.5037334364481506,0.04117058430660647,-1.0,4.167729012855018
0.12992602674035325,0.10607866150742118,1.0,0.04359004133975186,1.0,-0.219330312206665,-0.527545832562621
0.28547550255168486,0.7293329549358012,0.32596233866010105,0.11249417090416669,1.0,0.3492604947446647,-0.1009624708870025
-0.31191864661568985,-0.7044487623197323,0.03187353999492529,0.8115266477382113,-0.7692204056284415,-1.0,3.0894938199382267
0.7777215206920094,-0.6513883900607069,-0.025323066024135255,-0.9393305773871412,0.24956771544795545,1.0,-0.19965371854817127
-0.1357421041259198,-0.11247594950907192,-0.7793256676862428,-0.7303543849375613,1.0,0.8202959925438509,4.450770096148766
0.9428536925910724,0.33902809516927324,0.9400528846376579,-0.2829728353208256,1.0,1.0,-3.4855386788273828
0.06510311518092733,-0.39298923244352807,-0.34692226164551854,1.0,1.0,-0.024882027301273424,-0.8231834439171379
1.0,0.27379138843887385,0.4670904977004074,0.448257320888261,0.4833202625572376,-0.0916575489048338,-1.5963187246348383
1.0,0.3568489719456669,1.0,1.0,0.4206710196673505,0.8830828665820132,-5.647484517660001
0.4369040040247507,0.7187982534278277,0.13130788528860077,0.5382666130315972,1.0,-0.7089122535990132,-0.020986796602272262
-1.0,1.0,-0.988292476859467,-0.3468950431048135,0.30152750043615906,-1.0,7.385967929393489
0.6570808852732464,0.07307442859893953,1.0,0.3400557814792864,-0.7474881556260364,-0.7226653999476524,2.121394659207549
-0.6683940942916184,0.5573340540921848,-0.21742754425643732,0.5433720991870394,0.7483215579945144,0.08649321411144079,1.6008367222547493
0.07284657715184695,-0.3799624670941941,0.36049437319171473,-0.5377878835693126,0.7151197267659141,1.0,0.9386970368076657
-0.7295336667526924,0.7597629237492651,0.3475333681831448,0.07124929953628001,1.0,0.4166428172790978,2.400071410604557
0.5576998667535178,-0.03683460834844854,-0.1601783135843835,0.39750589952328286,0.8216215516406945,0.107733553650144,-1.5242600057758993
0.014848320542388604,0.9217628247058289,0.508991781151577,1.0,0.407778573015129,0.33235017426677793,-2.4807852632009744
1.0,0.5505301842579753,0.19396586125501702,0.7777051445846818,0.3234038522771885,0.6009541444661411,-0.7426766430311786
0.3349349664730611,1.0,-0.25960610130012285,0.40322976817300427,0.37999340887571,1.0,4.079398427875588
0.5016679409565009,-0.36453324220914185,-0.9015079085745156,-0.3475545127841047,1.0,-0.005281272540823334,-2.420677673362642
1.0,0.09784897189483194,-0.3606103387333537,0.1198854767141293,1.0,0.6951774052348333,-2.2586908558298227
-0.6327643589628967,0.4454587948972464,-1.0,-0.19117045575266034,-0.6044762990863675,0.014635907560575645,-0.8186674317501179
1.0,1.0,1.0,0.8799377888986177,-0.7308314931163932,-0.7349737578029656,5.561707906338399
-0.13177713822167036,-1.0,0.7704431245044964,-0.03480627083558213,1.0,-0.5495611899581507,3.5788866810398625
0.18775470919018655,0.5054032581155556,1.0,0.5027442069055912,0.8151656068217823,-1.0,-1.1317494248516258
0.4019742237861147,1.0,-0.31616036111528484,0.9491077649912655,1.0,1.0,3.4791231429322793
0.8344587068382776,0.49270219105183033,1.0,1.0,-0.4632894252174308,0.11775356403381143,0.4060369920401408
-1.0,-1.0,-0.4346188703011442,0.28884558035506125,-1.0,0.10182158512880779,-3.124283928801869
0.1879134583484725,0.17839914864939121,1.0,0.32485420110718044,-0.08184232623107923,0.43958610795587916,-0.7278709369915455
0.3025224311363981,1.0,1.0,0.48400430640736725,0.08669358985382902,1.0,-4.134542693126232
1.0,1.0,0.45053452335427746,0.6933282792465701,0.2519136959819977,-0.962978880036967,3.509575529851541
-0.7521233779197429,-1.0,0.02866597985390884,0.3221425215256697,-0.11251940390014648,-0.9011029978040229,2.0962993733142183
0.2747973334727425,1.0,0.4750667287277892,1.0,0.6091986448650126,-0.205485688387953,-1.9653776899677278
-0.2931538310282462,0.203868500520266,-1.0,-0.13753843530612309,-0.34458252825407715,-1.0,4.327867909716112
1.0,0.7663448354805877,0.7929740325734445,-0.42383802391883985,-0.4408211418546668,-1.0,4.277991265178292
1.0,-0.34564094630219233,0.4089968688097534,0.04296712301439698,-1.0,0.19616783741266275,3.7388157136973756
1.0,1.0,1.0,0.18076059803777533,1.0,-0.14965316531946593,-4.8106417243133945
0.6492166721958563,-1.0,-1.0,-0.44365412432289464,-0.9104793688730624,-0.08146286426794236,3.0448933030593155
1.0,0.10663578481517333,1.0,-0.040961547439084256,-0.06870393315244494,-0.01838532860915662,1.9291341741842702
-0.6018943556521166,0.06838527512816195,0.006188615087492355,1.0,-1.0,1.0,1.113342185880315
-0.15815450949148424,-0.38662701860274007,1.0,-0.8150134672756356,-0.8338792216422366,-0.40362182669507213,0.8362937539844855
-1.0,-0.7219747228948739,-0.7656125000182991,-1.0,0.6495148681839806,-0.03504459051621284,-0.4669425253507231
0.30165586455483795,1.0,0.36535228054067537,0.6075982206855138,-1.0,-1.0,3.3627091026750726
-1.0,-0.6079401863755007,0.3577445300726275,0.9294477132267449,1.0,1.0,4.061703504475464
0.9989776150497863,-0.06628575709786277,-0.24883813048523673,0.2515583578771497,1.0,0.6564607106999363,-2.159243157222754
-1.0,-0.19264330847878286,-1.0,-0.28987103077210763,0.42344638552281444,-0.3205094155755671,-0.17770700898623132
-0.36826124686329115,0.5800273182950291,0.8827215792107277,-0.93919513047486,-0.5228736252316942,-0.9484371107267939,-1.5430431647104865
-0.18072074368150998,-0.25319757332332554,-0.18990020235968552,-0.40659601644719784,1.0,0.6289826263367915,2.0065266848334296
-0.5221575017318574,-0.9252005959096494,-0.993051006066628,-1.0,0.7398851438742726,-1.0,3.030092504255165
-0.6227157475785832,-0.7536308653826098,0.48665605426288344,-0.38565923410849423,0.6359876849422825,-0.8978745701172635,5.210287945588421
0.8154294141684123,0.9725194626824548,0.8111172917565892,1.0,-0.3768160700635259,-0.32079100759199075,1.8705142181372219
1.0,0.736543988524811,-0.2433655035669001,-1.0,-1.0,-0.5618656626043756,7.602943912664472
0.4292723301383323,-1.0,-0.33528474895736415,-0.47900224258582796,0.5591982827253655,0.7157575581351756,-1.6301043997062874
-0.12361066844457069,0.4260832137365152,0.14823362293967812,-0.21060564207756896,0.10117911097054133,1.0,3.3023627979078
0.3991715311883597,-0.9257117187485132,-0.9070734805020519,-0.19883751752632575,1.0,1.0,0.2322737136235985
0.250866163498862,-0.9820456078075811,-0.3449217791478663,1.0,-0.7018408066046515,-0.9088663951760454,3.6423596553140842
1.0,0.1638724143100443,-0.3578407090801413,-0.33990911339749574,0.06286716625504585,-0.3595452422621641,0.5708079702110122
1.0,1.0,-0.27106219665929066,1.0,0.5715882166927403,0.2814401552705842,-1.3501883868936306
0.25895167185477697,-1.0,-0.6808700681245315,0.22871893579211755,-0.49023535040319455,-0.4864176815921984,-0.8973797298306929
0.6634573235293622,-1.0,1.0,0.7152156317497209,1.0,0.9760901454191826,-1.5611652214710596
-0.1533334646693998,0.8418616787913127,1.0,1.0,1.0,1.0,-4.301528838222415
0.2280377410689094,1.0,0.8912831874099356,1.0,0.9194182965287108,0.31426555222438757,-6.044459857185236
0.17178945400723145,-0.5704830967069605,1.0,0.20433224074384043,0.8627131905673056,0.6315846135195742,-1.072504098080457
-1.0,-1.0,-0.7447215900265183,-0.6014207952271062,-1.0,1.0,-0.9878245628961217
-1.0,-0.6291081929074588,-0.7901323102472532,-0.7657842920636683,-0.8023101613560288,-1.0,2.1260252627463703
-1.0,-0.16948456409700885,-1.0,-1.0,-0.5380075522316137,-0.8069554588948562,0.9051436380718811
-0.20396608481166997,1.0,0.25333963667479703,-0.19641484577659735,-0.1545586616894901,0.32349675205627615,-0.254516497464809
-0.4272067551360134,0.16396561980150248,0.5741141639904611,1.0,-0.504173280955967,0.7894580145339707,-1.4611148691022189
0.9692054388662528,-0.4053674477414623,0.8732999828358694,-0.06065099800288934,0.38084899837709674,0.4861907444033792,-2.0670267942203053
-0.3344475360958922,-0.9441393494667965,-1.0,0.0010490560516316916,-0.7798224801883809,-0.4727504533547089,-3.2616092133729495
1.0,-0.026987575899272268,0.03516887239244132,0.9256626389532082,0.004018556090662484,1.0,3.6037958100101983
-1.0,-1.0,-0.2512200661797366,-0.151518045588797,0.8677194220800379,-0.385000750489038,3.8145932817626726
-0.9793653567663863,-0.2787842830337724,1.0,-0.3066146010097473,-0.7708508734311248,0.49280169002622926,-4.278771795796227
-0.27349926624348175,0.26226074776483865,-1.0,-0.5227114205284401,0.46088728855158445,-0.39394448616419153,-0.7112718178780062
-0.2729436359034762,1.0,0.5046115524960619,0.0864643613365329,-0.10963691595220243,-0.5692135489442658,-1.1169696196839132
-0.3848002151796912,-1.0,0.9165826267751911,-1.0,-0.41141387062875207,0.42399982845077944,0.5558766276028914
0.35457090190161283,0.8591576768093593,0.5672813814261403,1.0,0.06292648454490635,1.0,0.07235164362787927
-0.31488266922883107,0.46677359089433335,-0.8359540053307688,1.0,-0.41449083032114814,0.1894109783529031,-0.6022568659107008
0.40732535852160623,0.6384411154189336,-1.0,-0.9724135123185205,-1.0,-0.6146613513953583,1.6371750231460347
1.0,0.3083024296270396,1.0,1.0,-1.0,-1.0,7.983402119233168
-1.0,0.6974064993508922,-0.2852080950925402,-1.0,-0.49569055092263403,-0.15370429441545563,-0.6888166921344421
0.2828165190910632,0.7260440346304902,1.0,0.8292902989111379,0.37486903347783374,0.021993933199524918,-3.1008299469242497
-0.582959552584767,-0.5348315549664069,-0.001152934969883057,-0.6176049848827647,0.6337120753489441,0.15658397685220068,0.3304893072406232
1.0,0.42535756506158207,1.0,1.0,-1.0,-0.12064640262288395,5.980467537513574
0.7541033053132741,-0.7220789744749385,0.5005434451486191,0.1864381361641994,0.8452201469089731,0.4072990087860608,-1.5401920673501182
0.34676017950389904,-1.0,-0.18994941928235892,0.007529053530951013,-0.14387902251911516,1.0,1.7076659973173076
0.15496858192623875,0.2513574912937713,1.0,1.0,1.0,1.0,-1.1752781758176032
-0.4187530209707726,-0.7506016940556939,-0.2890066722875211,-1.0,0.8514620385577288,0.6072430031611684,1.156908861019967
-0.8441478363038339,0.34119711747756093,0.32048117184198704,0.46514658386578533,-0.35858000935973156,0.6476261990701098,-1.7484874465226938
-0.532558838231993,-1.0,0.2986365266420873,0.21326349252112242,-1.0,-1.0,2.656723815329376
0.23405056433824928,-0.3668441650853741,0.13067333028765604,-0.9273418120496066,0.5753363390214727,0.3304419988409267,1.069891624599019
-0.0010134343072036867,-0.27570566571117083,0.2917594239649207,-0.7190825496544924,0.22693642445473589,0.5945712659609447,-0.2608475645997079
0.3783405784992173,1.0,1.0,1.0,-0.843867033600584,-0.5964469900324856,1.4709091036605346
0.25187514243226794,0.36773018049330447,0.06187202665579827,-0.16055632632948474,0.8270981514538915,1.0,2.7135568111439756
1.0,-0.23414391406920343,-1.0,1.0,0.6205113518606309,1.0,1.8749206615579408
-0.3230959471584387,0.11694812062616478,0.13684008877396425,0.2824342548681107,0.09304715226571936,-1.0,3.5323458043825946
0.3902623702170265,-0.3062516863615243,0.8975118832946556,0.22268122973537205,0.971079449055551,1.0,-1.2643869416570466
-1.0,-1.0,-1.0,-1.0,1.0,-1.0,3.088821127292359
-0.7996356385091138,1.0,-0.5546314723847058,-1.0,0.300047969804063,1.0,7.058990426486306
-1.0,0.22350454127241004,-0.10801363661051547,-1.0,0.7795774298996198,0.586531518073665,4.141268638441798
0.650752679867376,0.6805787031074182,-0.42728275104162083,0.2114748398540102,-0.5917810550462137,1.0,5.633200485322585
-0.6215724171969548,-0.2503124279832483,0.10368661991027221,1.0,-0.11139005689562423,0.553216150719978,0.37014199709682394
-0.7057520904775441,-0.294477008204018,-0.8153001349555522,-1.0,0.6918935312285553,-0.6780906540827016,2.318560601147111
1.0,0.043312844736229705,-0.5993600874219178,-0.20672978210164383,1.0,0.009369522459911073,-2.8910665618758564
0.4360003329259734,0.7355594899119184,0.17557613010589168,0.5895838324589053,1.0,0.7125868217337316,0.4904102053810246
-0.19490331443824305,-1.0,-0.7793493795200784,-0.3168958580367891,0.0589669910234103,-1.0,2.260329400915883
-0.051974335615111694,0.23451576086339448,-1.0,-1.0,-0.5079466657776983,-1.0,1.746854097127705
-0.6783546716045242,-1.0,0.07070837257788187,0.05670214314220723,-0.42379405731580144,-0.773087539606031,1.5358963828066194
-0.11138037075405238,-1.0,-0.9269369140065805,-1.0,-1.0,-0.7108057224412505,4.284290439420251
-0.7335444570680627,0.045601924844593966,-1.0,0.17452776576093826,-0.2265404277232583,0.14618225910142846,0.3129787577308806
1.0,0.8105258957624104,-0.12467483454372974,1.0,1.0,0.35354143746186656,-2.421770041985681
-0.4190734752229355,0.5703065977944186,0.500007528895809,-0.9904294377313572,1.0,-0.05024081121033608,2.1952908723143074
-0.14547804411645093,-0.7271689491725946,-0.3945256537701247,0.1231110234844592,0.5221731736814301,0.21596915333833433,-0.12835943889945003
-1.0,-1.0,-0.4299099656268651,-0.444603470839531,0.48070705001550085,0.666190836683749,-0.3433763157014942
-0.16271426728076233,1.0,0.7390179542923843,0.37442421412822025,1.0,0.9389996185705345,0.9803623503744018
0.5158186700196467,-0.3103365092392778,-0.8889707369250581,-0.050606403818451495,1.0,0.6472806615383127,-0.5448145944881353
-0.31771953639852496,-0.34414237312406454,-0.8527814927048741,-0.9440143160170635,0.16807081106387378,0.11492444544016545,-0.8944175547960225
0.08563837949869213,1.0,-0.518071211823471,0.35180442725280126,-1.0,-0.8566588507033448,2.4052463604750205
0.3878472601478127,1.0,0.9295081379241368,-0.12264127735201913,-1.0,-1.0,-0.7080139186653388
-1.0,-1.0,-0.8592780055500988,-1.0,-0.3100816558631727,-0.06547622687655408,-4.296663284284604
-1.0,-0.5150832768605791,-1.0,-0.07817061471594489,-0.03422971015866523,0.3455906916084366,-1.0409629633742372
-0.6413172905946163,1.0,1.0,0.6577986552407857,-1.0,0.09265304515449835,-5.126142354557208
1.0,0.16840653369562597,1.0,1.0,0.2839106437035398,0.605061647241851,-3.264023065161402
-1.0,-1.0,-0.28579996100927674,-0.35141661173234195,-0.17415847470579088,0.06887244069012577,-1.4739529880439104
1.0,0.0978486569677518,-0.44810733653436174,0.026417333408774377,0.8025288096429133,-0.9041740134016851,-0.22327192325517065
0.22155457473558338,0.508935826790742,0.9086358337395473,0.8867311006714471,1.0,1.0,-1.0906935528589834
-0.28510609541731696,-0.68386468217898,0.49939520601641546,-0.036118973627458584,0.9817198375108127,-0.8477087897162421,3.2090202622760615
-1.0,-1.0,-0.9165193642526608,-0.5188336810137049,0.9045584188677787,1.0,2.7220119620951087
0.28211409025309037,-0.120852612589268,0.9290209886943377,-0.1486475986615088,-0.5012340379341588,0.11359255732365275,-0.5110625009679577
0.9973012106459391,1.0,0.4748136252725197,1.0,-0.6118648319767701,0.7658321651519824,2.9058491314006263
1.0,0.39567271791378134,1.0,-0.5261891031292687,-0.05869903302269454,-0.5595495323379888,1.368145700439511
0.3183607818857208,1.0,0.9495743447468903,0.263278802540843,-0.12877703730676754,1.0,-2.5017436077873345
1.0,1.0,-0.520752598623233,0.7340425458181586,0.11307418987087814,0.37278842446711535,1.483725629167835
-1.0,-0.815796504379426,1.0,1.0,-0.38139324020225174,0.636464929097297,-2.2027533270326534
-1.0,-0.152281955804059,0.8270299223956644,-0.23341369473610357,1.0,0.11501023691230805,1.0142511797703087
1.0,-0.8660579761860351,1.0,1.0,-0.5920217459117394,0.6647328824615075,3.9812116045830868
0.4262203108578133,1.0,0.792249895389403,0.7551347537970903,0.7093353610198684,-0.8787257387267099,-1.802212230701211
-0.5715234293480767,-1.0,-0.15122231775329542,-0.29817854968958946,1.0,1.0,3.4809103939976036
0.35846434213307155,-0.44006856569720976,-0.5011758679465523,-0.7934207047899664,0.3011996916409404,0.11697329026820502,-1.4498241049282314
-0.6061237561333197,0.07568130663679698,-0.012326655500855571,0.24282423678245618,0.14882392304539316,0.5342925532548747,0.7130009190417171
0.8432996579792007,-1.0,-1.0,-1.0,-0.36478820056094674,-0.209812257886967,1.5308994398929188
0.13324137873875608,0.6749842202696048,1.0,1.0,0.6991525503762559,-0.022216082501716305,-2.883493535290553
1.0,0.9277691896878351,0.6817210579845394,0.5854757796445011,-0.8874245525722787,0.9923328750915565,4.1242389992632
1.0,0.4652416618035087,1.0,1.0,-0.4874334986346967,-0.8228512047452516,4.8461523315739665
-0.817786511075024,-0.26785732564045506,0.688217162124441,0.08663471311245607,0.05187115530601577,0.5109093058550043,-2.1230753228125083
-0.7195717263705335,-0.8013181795795425,0.06760055670521004,-0.029860839676266515,-0.40722414183258626,-1.0,3.3360793602152405
0.36714756715754415,-0.5354407822785288,-1.0,0.4671930680476264,-0.32188311253676116,-1.0,2.986038276814611
0.34755660960802937,1.0,1.0,1.0,-1.0,0.231985161307246,-0.28935296641509123
-0.47143419594286406,-1.0,-0.7617695996631075,-1.0,-0.1857808015117569,-1.0,4.261726131143951
-1.0,-1.0,-1.0,-1.0,1.0,0.408554136766559,-6.732088099980031
0.04227371318846729,-1.0,-0.7575957806386782,-1.0,-1.0,-1.0,6.526014969226993
-0.8486348148038613,-0.5151787641187604,1.0,0.0034770301373017176,-0.6654858037776951,-1.0,1.5359542769346461
-0.10694336965749762,-0.2330221619630649,-1.0,-1.0,-0.4615735177124837,-1.0,3.3910199815212736
1.0,0.7601579451991409,1.0,0.34720054897812336,0.5591629495928687,1.0,-4.35789088369977
-0.9299085405315126,-0.9928511045367971,0.05680277249804855,-0.3092705664635056,-0.39564943241885353,-0.239858042988897,0.49275535814673216
0.19014076643631295,0.20551907490464533,0.5226558552169692,-1.0,-0.7974201189692953,1.0,4.487808010820247
-0.2753419168555479,-1.0,1.0,-0.8174482960943474,1.0,1.0,-3.054598662614609
1.0,0.034440492894532715,-0.3519992831975336,0.6553866411847784,-0.7338856040595964,-1.0,6.4252215594740125
-1.0,-1.0,-0.36715632914165663,-0.6340748071174094,0.2824774749257619,0.4877085058693248,-2.6461422922215685
-0.6674855344633226,-0.32045274417929404,0.8159105994420044,0.5766996114671474,0.10348407428461315,0.18445441559354198,-0.409122546076423
-0.12820260446817874,-0.5179948876527193,-0.11488850525865896,-0.24685746777178474,1.0,1.0,3.3318570101785916
-1.0,0.013437917917667797,-0.7861614931417917,1.0,1.0,-0.4705514730507034,1.0806524633094274
0.005055053050233127,1.0,0.27804402780482196,0.5533953907806313,-1.0,0.11632605652193218,0.18624682535557885
1.0,0.33666476978619087,0.31882666976470747,0.8899607507326411,-0.7663842030557764,-1.0,9.182545520588157
-0.3569860946937501,-0.7087360628322814,-1.0,-1.0,-1.0,-1.0,3.190618188962686
0.6740131117269067,-0.6216177978961268,0.20613576434151057,1.0,-1.0,-1.0,7.8758417192193635
-1.0,-1.0,-1.0,-1.0,-0.5064351090567233,-0.4996710183076262,-2.765341247783234
-0.11137916786727353,0.30539205935952385,1.0,-0.27051991023196387,-0.9569224871457864,-0.0015678702225165875,-1.2862629517574895
-0.3455476932449566,0.04327132494138747,0.45871967049753576,0.32912642272867276,-0.9653619170972128,-0.2809939510071755,-0.2697785922748565
1.0,1.0,-1.0,-0.5446275615132746,0.979589436346906,1.0,5.6876847956366925
-0.45916961649123444,-1.0,-1.0,-0.43620652007858596,-0.09127349263129125,-1.0,4.189196428379455
0.2231385321778966,0.25423187933137426,-0.04854344438987063,-0.6704068327468373,-1.0,-1.0,2.4358907251125346
0.8086798430878924,0.07957121191742966,1.0,0.9006016412070292,0.4642524037850365,-0.16524871703993774,-1.5992810764317762
0.8928820504586295,-0.4376528642691368,0.7890135740931649,-0.7397973246912106,-0.31725724262571825,-0.3712999067552297,3.38392313229736
-0.04454920263118937,0.6520928555518908,0.335992024694936,0.827182676743764,0.8545659777517363,0.9782765433061713,2.496659686914703
-0.041195131572575594,-0.8465548833938219,-1.0,0.46907079186731326,-1.0,-0.51126944147139,-2.665279736686009
-1.0,-1.0,-1.0,-0.4413110600616561,1.0,0.11174176999871155,-5.593803419842807
0.5747570251623617,1.0,1.0,1.0,-0.45257671853121917,0.25358669309611914,-1.9625330401313026
1.0,-1.0,0.5879218536769939,-0.20716570804519796,-0.5713764299268476,-0.06177740254384953,5.301972152390747
-0.2755169483276053,-0.2676101303953034,0.0023512001051298193,0.43980638876054556,-0.46884954409039015,-1.0,2.7110820608409134
-1.0,-0.19642833256232362,0.3242008379344713,-0.2573206321914913,-0.6478761029700011,0.6998353515999267,-2.2901986669722945
0.9498482084097231,0.11412563169114698,1.0,0.6754119885443666,-0.3176229058657012,-0.14616322029677287,2.051765727811704
0.6666555052200849,0.06488197780261395,0.8313694514253834,-0.40930440677169744,0.6102202237187352,0.4357007076647549,-1.5975180581914197
0.006417361443550207,-0.46993768627009613,-0.6721528823361439,-0.9794617562757678,-1.0,-1.0,4.54859872609108
-1.0,-0.2062651093943073,-0.04705015692399761,-1.0,-0.6180468832677114,-0.2146943323750411,-0.567325595206053
1.0,0.4140904609127831,0.474675979919968,1.0,0.34007804511624307,1.0,-0.28778186067003597
1.0,-0.14004247966399586,-0.4929856061200678,0.54664781511375,0.4940401300374614,-0.6452986029396464,-0.7846219573512148
1.0,-0.5068186579337337,1.0,0.9232191141281818,0.01300514951444487,-0.6206843991698748,1.902970006440649
-0.21451491165326209,-0.8405225598978379,-0.18260876203415433,-1.0,-1.0,-1.0,6.050348010997392
0.748917376547248,0.6212469408822822,0.7204343732607271,0.6806784069536523,0.02366561396467448,-0.6818230474084273,1.968272951009648
-1.0,-1.0,-1.0,-0.5623283187343642,-1.0,-1.0,2.4121764493426916
-0.27130638561575804,0.04937134112696484,0.40769636758536365,-0.1034343807398653,1.0,0.9699111866174226,3.9781114199277408
0.4326927764593951,0.47403065645964815,1.0,1.0,-0.39786113185654803,-0.278060075376521,0.15797369726911492
-1.0,-0.31201778829387095,-0.2867817803355188,-0.6075923046809701,0.48506876323252957,1.0,2.3325587569600423
-1.0,-0.005044824433141443,0.9067898331050139,0.9689406925869697,0.33416295276037494,-0.26629352663213257,-1.2826316260005166
-1.0,-1.0,-0.06866989125542719,-0.6091961438985832,-0.11995106882388817,1.0,-2.5643875083372816
0.07814109582116768,1.0,0.4990004951565097,0.9705415885500919,0.8211641122489167,1.0,0.533135364289824
0.9639843275656326,1.0,1.0,1.0,-1.0,-0.695314055334737,7.647340424835468
0.08503144166174104,0.21220356443655974,-0.021295471415852307,0.7849472595194054,0.6256169927026705,-0.6122240885241491,0.7427133079745364
-1.0,-0.20660178882010483,0.6145806003402164,-1.0,0.4558936818601824,0.7940969781741711,-0.45520740492169054
-0.02246506860338804,0.4112645225304062,1.0,0.6401352661253099,-0.5623793019015176,-0.5636942819832089,-0.14350061013275495
-0.6367386263570312,1.0,0.7157081449314848,-0.2643963162876885,-0.3886279405012243,-1.0,-1.8195730455124333
0.6095559288402984,0.7376109851218414,-0.4360612161284638,0.08859888295993112,-1.0,0.2171911493430263,2.320042500548409
0.535618291985687,-0.4984145980631389,-0.0318483521083171,-0.255874956213084,0.02162828762071617,-0.03000695634511019,0.21791627119111595
-1.0,-0.9103371195328142,-1.0,-0.7900194059842858,0.9616566368472578,-1.0,3.4645427844824295
-0.11581122080559828,0.5548024268258329,0.2897618642988953,0.3100279808968751,0.4443729387997444,0.8395379089874133,1.4708363781601397
-0.16666980638100715,-0.7074902684935217,-0.6698360258002127,0.026105173028073136,-0.3222538956734958,-0.7821328871840011,1.5160762267102352
0.13336795319512673,-0.8856603536418721,0.3081096260049683,-0.07929033904648591,-1.0,-1.0,5.513673153712563
-1.0,-0.24404427262896722,-1.0,-1.0,0.8364840906122456,0.899092148352381,4.4968618116766965
1.0,-1.0,0.5243304571055443,0.09917614397991528,-0.2954430647648507,-0.30250141674901565,4.535151597697873
1.0,0.9211971036966122,0.7653489366434529,-0.5550114589318702,0.24988981544053923,-0.40909432855581374,-0.447870100415531
0.2747456588348587,1.0,1.0,1.0,-0.09114506305895398,0.44617821366736954,-4.580315481051385
0.13447970368225062,-0.1033475054251855,1.0,0.14788985053819032,-1.0,-0.6591109867070546,0.6695514374230049
0.10729662429186615,0.2352830454651651,-0.680533206800599,-0.1834116219868407,1.0,1.0,5.864493558832882
1.0,-0.11100827379120859,0.01995188366030698,0.17407453117683458,-1.0,-0.7439587866126942,5.910665622728024
0.6263091377679215,0.6913446653752964,0.31061825269393284,0.6191698544723914,-0.1429762158172301,-1.0,3.7932325832683556
0.5679549638821937,-0.6379944901025856,0.9272903276199547,0.6561031849917629,-0.2268891040472072,0.14175517876575017,0.4723097520071299
0.529909621793524,1.0,0.5679041148255733,0.47947865163614645,0.4200238517923178,0.3436255911735925,-2.5144077295445446
-0.8726678155915008,0.483541325038622,0.4458587464479749,1.0,0.7997055722314401,1.0,3.0468485825599845
0.9966985233123253,1.0,0.3331027762512211,0.7994030338698641,1.0,0.3992646611530437,-4.386022719404468
-1.0,-0.5234844730043744,-1.0,0.15917353444479665,-0.3855222810843856,0.6502539142983732,0.28797344662099345
0.0849018169890079,-0.46045147114519547,0.5747334890488345,-0.9385184956080991,-0.7961870634765653,-1.0,5.349171443336637
-1.0,-0.0026475533833387743,-1.0,-1.0,-0.6901168690364561,-1.0,3.352474992586495
1.0,1.0,1.0,0.3132762220991119,1.0,0.2655046861326438,-6.432233928525127
1.0,-0.24189213976778035,1.0,0.1753821333540222,0.7761788640427889,-0.11830546022066912,-2.4507580806666023
1.0,-0.5943278426113474,0.37354545151570073,1.0,1.0,-0.5716496917587661,-2.0026423818726475
-1.0,-0.4695110948259409,0.03293895029772986,-0.8056651318164642,1.0,0.3786262876288469,3.813456226460711
0.9201566917908696,-0.14469897269947873,-0.4039867946029838,1.0,-0.14797407749834668,-1.0,3.4158952180197812
0.8596220492229838,0.7023947338688354,0.05295699675269744,1.0,0.0376784887004209,-1.0,5.2712929966248865
-1.0,-0.01858303090987179,-1.0,-1.0,0.4706180850207562,-0.5139429527102088,-0.33326701094715516
1.0,1.0,1.0,0.24382673719766346,1.0,-0.09096994334124198,-4.013523641966714
0.7516183700985712,0.10152283817441698,0.40832157261999535,0.13180057783311927,0.817344781281997,0.25424055907176923,-1.9175051164943464
0.48299447997690237,0.2327738701562556,-0.7830723022129928,0.5016344177711496,-0.8890374846720598,0.9587165849955775,5.870370762258039
0.6572907897441064,1.0,-0.7216480490762427,0.7412329674907436,0.1729501689077877,0.7106354710830112,1.8757642677811497
0.017409053756016257,-1.0,-1.0,-1.0,-1.0,-0.07490010317830076,1.8930364012293188
-0.8513327168257663,-1.0,0.08092170394602288,-1.0,0.013871153137924752,-1.0,6.125941326177633
0.6240627582466054,-0.24820016535599632,0.5469191795095338,0.43991074326325097,-1.0,-0.9933983858186213,6.354931278413176
-0.18121640064159394,-1.0,-1.0,-1.0,0.6391438190823738,0.7731903420625119,-2.910289839145195
1.0,1.0,0.5007983774218283,1.0,-1.0,0.4898481218109705,4.0293243383603095
-1.0,-0.8575012791867253,-0.9104748795966875,0.38631737288184265,-0.647461088231333,-1.0,0.2597602081659002
-0.3350579561833267,0.35804635290721704,-1.0,-0.2000161321990438,0.3147589221146476,0.9117443099637115,6.944986161726164
0.04959380327509316,-0.2844850097256606,-0.532416002107156,1.0,-0.24279074356834204,-0.1875641156823911,-0.7560999325942419
-1.0,1.0,0.9671661105828553,-0.9729577059951409,-0.6032044264458649,-1.0,-5.882584071136546
-0.85562416360027,-0.7126102179257813,-0.7992858218295418,-0.8997533119375722,-1.0,-1.0,2.7196673407848513
-1.0,0.1285025957839579,0.3028172540068582,-0.07255360054800486,-0.596931211728591,-1.0,1.189977922207442
0.9407591333344798,0.47020470414965543,-0.8685444050234212,1.0,-0.5841925605525113,0.236775235394143,2.4910176203443473
0.358846647293233,1.0,-0.3214684212674761,-0.16375633560371472,1.0,-0.45233102404795483,0.05621796598640372
1.0,-0.06372401796881078,0.42623903982163625,0.010752275106416853,0.25758285146722265,-0.5195846631739512,0.4987147044503528
0.07130359267013645,-1.0,0.4325919116785176,-0.6644342274509278,0.13130079947135687,0.11951339360611934,-0.035728521298058036
-1.0,-1.0,-1.0,-1.0,-1.0,-0.6446140462677634,0.5068086162002976
-0.41650392803525127,0.8530682911111738,0.10247334017309262,-0.8629204179948665,-1.0,-0.3400143404603484,-0.06603668308529753
0.7948416604499692,0.4906827402866148,-0.5833671330755572,-0.5910018805985613,0.635318674234423,-0.301384758427355,-1.871456763013927
1.0,-0.5353810911163666,0.329562911497783,0.0767022060399708,-1.0,-1.0,9.816299004051595
-0.1795861081591682,-1.0,-0.143668514771908,-0.41006208886668877,-1.0,-1.0,3.895360869503933
0.06538448885378191,-0.38990290466422306,0.1568068648828913,-0.5003872420086268,-0.6073497020002674,-0.7915130598180107,2.645617883126564
0.06623841879569076,-0.10449833760348898,0.508657189240086,-0.7242680601003844,1.0,-0.24055576378819843,1.0515616417911664
0.04182170891454684,0.33683075794434636,0.8231767635205456,-0.6292871782512408,-0.8125243856867299,-1.0,1.3237162900320512
0.11143494784213176,-0.4636232738208902,-1.0,-0.29380826475821653,0.5100895584310682,0.8965087259050887,2.6361016406083158
-0.6240085029196774,-1.0,-0.4506095942781889,-0.021150903602433768,0.341057097938566,-1.0,4.118037718896682
-1.0,0.4072965685247283,-0.1793087917961379,1.0,-0.43087299370079074,-0.8434525123069777,0.2294671510256442
1.0,0.8759627915646524,0.35877138313453005,0.9332819687913076,1.0,0.2621029373144227,-3.2477868843787308
0.4981096827057371,1.0,-0.003818205201484348,-0.30759598742424954,0.07886861019328462,1.0,5.134124542733439
0.0009246120303600946,-0.05575296504707916,0.08997528858876713,-1.0,-0.7940725832828623,-0.8597880984578532,2.852008311646882
0.6119499182413688,-0.7048379126995714,0.5133820397085171,-1.0,-0.39955431730656416,-0.24277858517007844,3.621905395732321
-0.11158242281383401,-1.0,-0.15516990570922884,-0.31652579359110167,-1.0,-0.5338634742853288,2.5009907093645154
0.6163168121233318,0.29209115578512934,-1.0,-0.03879832813852557,-0.27680872536715295,0.5064948157466451,3.870373364733397
0.07532756358162673,0.2560487607873521,-0.2575785293083954,-0.142957233380409,0.1399211198056849,-0.5229497243718073,-0.30388245838862726
-0.522646232907574,1.0,0.3157924715754953,-0.09504904977345141,-0.4535896695585264,0.1323662278752975,-1.0359229176153473
1.0,-0.9775352684351772,0.08829720790293893,-0.9940745905263504,-0.30837378236756374,0.8469088609262201,2.9730897560456553
0.1323517557756242,1.0,1.0,0.5419231852857744,1.0,0.9124857002300166,-3.1313000519605643
-1.0,-1.0,-0.005482609363081314,-1.0,-0.6496832105382713,-0.3627472428358609,0.9514428246370733
-0.5251153783758179,-0.5746493099427189,0.42229289491460553,1.0,0.17835488682569606,-0.5500514172878914,-0.15811117076492132
-0.5027754096275923,-0.8166788450817075,-0.21186299963200828,0.10791259592183433,-1.0,-0.4548669011538429,-0.638843267388534
0.8349947015476704,0.3621473210212236,1.0,0.34951676972235024,-0.7463784830783904,0.036243821102165064,2.1300133222584763
-0.8567588326169214,-0.07569453645287472,1.0,0.8183686842835529,1.0,1.0,-0.5711443703853228
1.0,0.653562742052675,-0.8271051473423201,-0.1325028648463884,-0.007297215799561219,-0.57103718293832,0.24002847768787128
0.24648270708524223,-0.3443802299817317,-0.7093925268935068,-1.0,-0.48167024504586825,-0.4432243973660145,1.155072443940093
0.6938538860829343,0.061967092206714675,0.2780309196635092,-0.1351464889974206,-0.5359516285543222,1.0,3.8927420849291936
-1.0,-0.8869192334719872,-0.9580826057770986,0.0006905140399186549,0.5431703809717481,0.11852582396950195,-3.0335932170837827
-1.0,-1.0,-1.0,-0.669309528308446,0.4420546896460207,1.0,-0.12827207974278226
-1.0,0.1588934686276055,0.5445737745712775,-0.28868643512511977,0.42831085798050883,-0.4747334618014902,2.027870653349849
-0.2554337274443892,0.05583984949223997,1.0,0.3636333024822431,0.843659057416936,0.46016996876710503,-0.47352020582662147
-1.0,0.16860637868452655,0.11649590828678741,-0.5583193563016444,1.0,0.03244591669884561,2.9925355636439286
-0.5746880983778931,-0.5624260294229627,-1.0,-1.0,-0.4191687360863421,-0.9139009539716867,2.5799843171522943
1.0,1.0,0.48935639820759513,0.09061243382488615,0.4169927152963647,-0.17120047448273173,-1.7046559047666927
0.43591413402254453,-0.5975134746095975,-0.40794652198764,-0.37881822324457826,-1.0,-0.03016691087357848,1.0940104487623186
0.655173190844446,-0.6221083047112295,-0.4455176314550008,-0.29947653747550246,0.4760818218316964,-0.16519066735243054,-1.4414961177226773
-0.24831623557977517,-1.0,-0.18524849739453308,-1.0,-0.4517753422467139,-0.07070670373680565,0.2137273679707571
-1.0,0.5516929231671789,-0.4640817837254203,-0.9158571484133243,-1.0,-1.0,-0.46381518007729117
-0.672151615535579,-0.7903610863319646,0.9103142076871145,1.0,1.0,1.0,1.5435560928657721
1.0,1.0,0.8775190252361356,1.0,-1.0,-1.0,9.101133234647072
1.0,0.117865429198307,0.5375559208008349,0.28701308818988935,1.0,-0.8366259459081975,-0.2534766629381062
1.0,0.5652905382428561,0.35435280278279335,0.7631602045514321,-0.18555606985693185,-1.0,4.841890587063907
1.0,0.11079419874155327,0.9687984581165748,1.0,-0.08490854052753233,-0.26657845403783287,0.6852815488633311
0.49503851627583784,-0.6421223924448014,1.0,0.8280968259595679,-0.01990005407894413,-0.839145498501702,0.915570536855067
-0.6402799990049025,-0.276392789070687,-0.2979340054837145,-1.0,-0.6884861614217577,-0.6737472599669718,1.122111591007616
0.34309468893664447,-0.5299726525304715,-0.05003733368161145,0.6090368395945245,-0.36176989468775833,0.26024866479853215,0.8852123669566669
0.10761803550960614,0.07352104434027584,1.0,-0.21256673504137769,-0.3177828952913568,-1.0,2.632397918310126
1.0,-0.028240836914613432,1.0,0.6697593082384179,1.0,0.3783735666174015,-5.419060776233519
0.14708803449987662,-0.06804009488925766,-0.4493957534328951,0.026078665435140813,-0.8898743349325325,-0.20388326907765364,-0.1777083730538067
-1.0,0.050848249832424086,-1.0,-0.049208265862972445,-0.7534769794929352,1.0,5.767066051630125
1.0,1.0,1.0,1.0,1.0,1.0,-10.11650844162729
-0.5919673640965692,-0.3459938088446529,-0.1977562472377583,0.02346342088959441,-0.8269825187674941,0.7907864944933649,0.5468728749235507
-0.9511511935707354,-0.06555674478442775,-0.5007641898016839,-0.8454423810428962,0.06636812304199474,1.0,3.049683646749689
-0.14361593388755511,-1.0,-0.12181897778096407,-0.08318847279447605,0.16609613264784706,0.9360084332423082,0.8257493153264271
-0.7311202137422941,-1.0,-1.0,-0.6986176895984577,0.49371850494154756,-0.2988391122055234,-4.2983499307643775
-0.27324171324693347,-1.0,0.287115163595621,-1.0,-0.9116704435035494,-0.9183359884088167,8.584076759071099
0.6640514608694409,-0.5362744557244988,0.5860957289627364,-0.053563392467171345,-0.10312179392434251,-1.0,5.598433646151707
-0.6099830987362438,0.5030143751709628,-0.1717407898429149,-0.556166096209022,-0.14320342689575877,0.6749927713168576,0.8595960315957953
1.0,0.37320831910520225,0.8184597588540001,0.09312841786339554,-0.28267811059098036,0.4476905490392918,0.7129459936236188
-0.3948447582267639,-0.5159520994452269,1.0,0.0016066710493095049,-0.3448497479192927,-0.8160511179178135,1.5582112124602638
-0.5522239936388341,0.34398265051731625,0.2845107855794925,-0.3845358466935047,1.0,0.5052372402276987,2.013001438796799
0.4831018036295619,-0.2925599682493042,-0.1966164308527261,-0.12941739331387486,-0.2801754954499691,-0.38675590042004804,0.49498309661912765
-0.6304634333491017,-1.0,-1.0,-1.0,-1.0,-1.0,5.208246139086372
-0.22760739708621536,1.0,0.5861251265599523,0.9759728639458387,-0.20758070202983403,0.3294785625194038,-1.8632693230667416
-0.11658377102148765,-0.36943773451360773,-1.0,-1.0,0.06297348552566828,0.36773260154184695,0.10832056395521061
-0.2564245974861801,-0.0722954751879048,-1.0,-0.4229875559825076,-0.3025733201131334,-1.0,3.2927156618181095
-0.6068680660586674,-0.08785852294051782,-0.8902432580147746,1.0,0.42484954946745135,1.0,6.622415840867259
1.0,1.0,0.5685078795746554,0.3379063968979392,-0.42540965682261617,-0.14819277413322687,0.2039656989785287
1.0,-0.5060235488519413,-1.0,-1.0,0.9632033420981851,1.0,-3.5684659647831403
-0.8974135046762652,-1.0,-1.0,-0.8369926012382882,-1.0,-1.0,3.2415656673158972
-1.0,-0.795415478273782,-0.30907397275552007,-1.0,-0.897818188534138,0.5236354087564268,-1.1352031689649835
-1.0,-0.11930617927942117,0.3368654130031199,-0.49508682138415083,-1.0,-1.0,-0.8594635537600426
-0.9714831384971652,-0.007346845690638482,-1.0,0.5753953662320319,0.6258873777742711,-0.3330719144894434,-0.6731435518109399
-1.0,0.1534751838539108,-0.49324939571456117,-0.6770765423686362,-0.1312789502263848,-0.6205663868371372,0.745652395191738
-0.4530043206238932,-0.6893809356134581,-1.0,-0.7731192815337942,-0.7469475663206071,-1.0,3.7240425863213695
0.11361643188250323,-0.581441770531173,-1.0,-0.8609409710091308,-0.6237885914611616,-1.0,4.163271332020029
-0.02323252159289302,-1.0,-1.0,-0.9183066884427564,-0.8358664249811247,-0.0378880744182748,-0.19188593287660444
-0.7707179415375486,-0.8739878245873666,1.0,-0.09681029855879708,-0.1714191468994833,1.0,-2.5962216295467986
-0.1429487908541336,-1.0,-0.47524315839926157,-1.0,0.3711877962196345,-0.958280750887798,4.565357659338817
-1.0,-0.8160567173213495,-0.1590773886924266,-1.0,0.2928503989830764,0.43774137785465717,-2.3533015479517485
1.0,0.26472810954311354,0.2439920931276185,-0.027881887895859214,-0.4444920901573951,-1.0,6.0675111395733765
0.45780639445701987,0.15699712697160384,-1.0,1.0,-1.0,-0.7697384728294443,1.8101440586400512
-1.0,0.01733498020436708,-0.5033590164526593,0.17086953020507217,0.21472326433917166,1.0,3.9278554265283643
-1.0,0.3711745874066298,0.4436890475434885,0.5187393632938757,-0.2322934479797667,-0.753834574263622,2.1566745560771396
1.0,1.0,1.0,0.5744850798971266,-0.7680713799342319,-1.0,4.956992020317264
-0.5906631319755455,0.6572720536871148,0.23732230840813834,-1.0,1.0,-1.0,3.549510482543201
-1.0,0.006138375790976147,-0.09289669860896875,-0.2263825379600064,0.05898836671530672,-0.0031865426199280513,0.3278794211374788
-0.07147619890912782,1.0,0.004628594950249698,0.21595365039930303,0.6522776721452375,0.4132126475659396,1.2908326707912412
0.4361957587467713,-0.33128261899124634,0.5604717399580239,0.5193776250061107,-1.0,-1.0,4.0390700741275385
-0.5379034387030383,-1.0,-1.0,-0.1506599427067723,0.8526623648502081,0.8213229727560188,0.7363167198292487
-0.32744018910154016,-0.37830591620531395,-0.3283269274530136,0.6234061852445966,-1.0,-0.40935370738873056,-1.1884164802070833
-0.19000010655956834,-0.9449467425881277,0.5706208872747955,1.0,-1.0,1.0,5.200990797532431
0.39969918851208686,0.35535009517768973,-1.0,-0.013957759054484042,1.0,-0.3606132039632697,-1.6921007031582616
-0.7516923742341791,0.785222203043062,0.9166672467243697,0.32073523419197675,0.9729907316055929,0.032142032539558385,-1.4779653286611214
0.6894020141393186,0.4264296184624991,-0.9658806168341024,1.0,-1.0,-0.5333719248796592,2.148114394395019
-0.7060441576620091,-0.5448400741979966,0.607053306807033,-1.0,-1.0,-1.0,3.0003572841511614
-0.4098691097488045,0.5532321952189678,-0.28319585620039933,-1.0,0.834038306056406,0.5629830434163974,4.450971889531824
-1.0,-0.9467187986208161,-0.2690072334797762,-1.0,-0.7445223391767912,-1.0,3.691478654640755
0.600808040012475,0.21628401834737782,-1.0,1.0,1.0,-1.0,-4.54318433515808
1.0,-0.7051080959787985,-0.5287274171271878,1.0,0.4204430622552956,0.7026715092634179,-0.1795239258053719
0.4263501817502509,0.04024758824776653,-0.8794863807910707,0.9300164773105077,1.0,1.0,4.80199252957995
-0.11225414159153047,-1.0,-1.0,-1.0,0.33157361501422655,0.2699836388947888,-5.125308662663695
1.0,-0.39008583144023634,1.0,-0.1889685467765444,0.019649261135005647,0.5197621365031716,-1.7204309183022763
0.42339274306525354,-0.2168151888646832,1.0,0.1536280064467772,0.5381938907412733,0.2662281685809624,-2.240699956706614
-1.0,1.0,1.0,0.517834168128063,-1.0,-0.5466265259829066,-4.093828862873447
0.288039505140847,-1.0,-0.38624935579524533,-0.0884329802482613,-0.15756038395214877,-0.9012345716134127,1.6630841925974176
0.06643764766816806,0.4111429286744456,0.21879306909370455,1.0,0.9856807771949809,0.6178519460486142,0.5830745256229845
-1.0,-1.0,-1.0,-1.0,-0.4740909727114193,-1.0,3.2779176535848387
-0.26110056594107,-0.23097072102721544,1.0,0.7544813718442058,0.8714921596776334,0.5614150686118677,-0.7487138765460805
-0.2991313768999522,0.8926870026624488,0.16213923332566682,0.9769283887479958,-1.0,-0.6295866133248811,2.058421636145857
0.7849666478857719,-1.0,-0.6545957401115245,-0.3673544438934252,-0.9166679546318226,-0.046695023106163136,2.9118792086515435
0.8817752153891053,1.0,-0.39854068079197824,0.7259965377787032,-0.03742626116606851,1.0,4.601480575338768
1.0,1.0,0.3018947543542858,0.10811595684293063,0.7753153776470524,-0.4261581457378558,-2.275928242458704
-1.0,-1.0,-0.8352393806105933,-0.8644941147094902,0.21479159846389617,-0.21855806008077805,-4.015165084057734
-0.7381759659321248,-0.4562005490533496,1.0,-0.32645582370909304,-0.6266236388729691,-0.5579799191456123,-0.06518051481785042
-1.0,-0.3069816842653048,-0.8852889697616262,-1.0,-0.14289174255083897,0.36624893663347957,-1.9575999528691093
-0.3504866900026822,0.6068809553017311,-1.0,-1.0,-0.9019390163831108,-0.8135022516460046,-1.7642295940169581
0.4182705611109193,0.1341936918442731,-0.6169073472249434,1.0,-0.22462310076637032,-0.1359811946201498,-0.16793006178562025
0.2908910678815603,1.0,0.6797310942483539,-0.312170089209435,-1.0,-0.5153296353480405,-0.5620805572571144
0.8070182565913464,0.055483741741158554,1.0,-0.21007171622830678,-0.13052585494962754,-0.3945282620009867,0.31328408020617915
-0.5519658350341121,-1.0,-0.42099366310754327,-0.017115619383180847,-0.4376242530593062,-1.0,1.385853884892405
-0.688451521867016,-0.20599751148358847,0.38624859869122613,0.24796502769881168,-0.6144144445724582,-0.2292786834102298,-0.4406776697641213
1.0,-0.23757278247321426,0.6650398137146262,-0.6052990800937048,-0.4942187007256853,0.5557798602369177,1.2883348160371346
-1.0,-1.0,-1.0,-0.09444832039860346,0.6885250651111992,1.0,3.0978274444296914
-0.8218093252397181,0.8215608586157129,-0.5813709858621874,-1.0,1.0,0.9628197914374811,11.072780167576095
-0.3006561148736317,0.273153762904784,1.0,0.3629948733971562,0.9647111314617087,-0.25478466906358094,-1.0568137881099506
-0.14434125112737006,-1.0,-0.344184663902932,-1.0,1.0,-0.052747044877838836,0.19030712820889656
0.2950129055733434,0.2521319235719054,0.39470005414961407,1.0,-0.12154269555543919,-1.0,3.8950936956221582
-0.36895152126870984,1.0,1.0,1.0,1.0,0.9897592259675885,-5.825948817961344
0.8190332176511159,0.5888504298617355,0.4663335464453282,0.9413238150015848,-0.43283014674087283,-0.8258223303330855,4.6915262517072565
0.26033998824949856,0.11380630757525313,1.0,0.24660659477599925,-0.21310812507594523,0.23477651592227766,0.3208619030343831
-0.32290202243925076,-0.8240517289479924,0.33171248282763577,-0.08625516854128831,0.381549287285416,0.954264182999146,1.393491774737231
-0.07734803682973346,-0.7119204698874164,-0.8960678158582609,0.05726148732417047,-1.0,-0.5270247414459742,-1.355815465605652
-0.4616428201817787,0.060954627535278666,-0.9899048625930932,-0.7102145948421195,0.09190433411902255,-0.23457211661272967,-1.319731289897741
-0.8796591885339581,0.4452267548752994,0.04943969569181386,-0.7865673557539927,-0.9783377897677275,0.5441999978235059,-0.8364275738911411
0.3498053534364026,0.25101113486485693,0.759080541602636,-0.4612926255269527,-1.0,-1.0,2.311955550243645
-1.0,0.21933955946453704,-0.11913144349807814,-0.06947916014570665,0.16741007256544105,0.8460261105643898,2.198722970757198
-0.8599681036946785,-0.28690997401176577,-1.0,-1.0,0.16948667635557135,0.6566678481324231,0.03846723434537058
0.5687227217905753,-0.7380867412615115,-1.0,0.4803947932233143,0.14527480740700138,0.9069347590450152,3.3888683173269962
-1.0,-0.7086144834651695,-0.7238594496508317,-0.6895123401423942,0.017369554768935314,1.0,1.873323440006582
-0.28790727163866325,-1.0,-1.0,-1.0,-0.45526941454616865,-1.0,3.836928709971894
0.7597345784674682,0.8442526740496938,0.5989169530126744,0.742253867069176,-0.5712706158696745,-0.8227791414650458,4.962411858565471
0.46307505080142675,0.20592511247887302,-1.0,-1.0,-0.8652933652773473,0.40301960310331064,1.7312590337207232
0.9362160362355454,0.3408195717636401,-0.19413937000152248,1.0,-1.0,-1.0,8.20096708442861
-1.0,-0.2942260530045109,-1.0,-0.057725916335226835,0.844686765371181,-1.0,5.077353261357889
1.0,1.0,0.09335807484732461,0.3446193789295069,0.847688579359641,-0.8428363896797771,0.08880303573284065
1.0,0.22938452083201866,1.0,0.47088377479096644,-0.8804056282466954,-1.0,7.46455440333918
1.0,1.0,0.8809401333922015,1.0,-0.4436564644493852,0.10025197726419409,1.2689760018981342
0.566120206222116,-0.16783084956204247,0.7479523177656753,0.9172725828431955,-0.2554367276889713,1.0,1.3844624920418331
0.1710500448653337,-0.7022285565553902,0.13880551835885913,-0.7990305539241199,-0.8649298565485993,-0.5905930932161934,5.5223825484139555
0.9953672304433165,1.0,0.4455683228580707,0.8492602858966072,0.6822814192773008,-0.7140580232902551,-0.4359583960861247
-0.9192635867436674,-1.0,-0.5329704557554034,-0.9431184201322553,0.46343167277027364,-0.06404130086947135,-2.3243100499012224
1.0,0.9743886394713891,0.16260258594556598,1.0,-0.4915509225037005,0.23994433991471942,3.14946131644924
-0.49708202729493206,1.0,0.3074325542946401,-0.26900006223341666,0.8176916921094636,0.5204966336702659,2.960012278495761
-0.713168084669363,0.0564112517189668,0.2818202395378786,-0.2824002867053057,-1.0,-0.1710563930875279,-1.8745223986585673
-0.32255793777386615,1.0,0.9740259867774755,-0.06671704476121892,0.5320613917662684,0.22112487311804863,-2.493960060498318
1.0,0.9984620656159506,1.0,0.9851283020392929,-1.0,-0.2398996250747989,4.132876130133748
-0.5392874271412429,0.5183986604707089,0.12086635811836455,0.6384166841140404,0.24584919441854847,-0.073061441696018,-0.1509831774649556
0.16529358146882223,1.0,1.0,-0.26367152264654453,-0.29631985538935435,1.0,-1.016395443942053
0.1565092874797998,0.13861933386039754,0.7812821651662073,0.20304332238983758,-0.19759834568840517,-1.0,2.795447295863098
0.6125605413443524,-0.12417784379906777,-0.03276827188712794,-0.027782900814042027,-0.3378589620975928,-1.0,3.7565918464421446
-0.29372168952604555,0.17194881953168364,-0.062062618372169975,0.25029420337216457,-0.0037778449172578554,-0.7380290249206047,0.9763895413948294
1.0,1.0,1.0,1.0,-0.010821826641142562,-1.0,2.6396996533031984
0.5794052381704973,1.0,0.2709191942436826,1.0,0.17209434615906477,1.0,1.6848658748061616
-0.3247665211991371,-0.27064068869501656,-0.4498049838597188,0.31749359662685583,0.29746123660584556,0.6316161040469922,1.9701117412567728
-0.8311629915543688,0.31216554838678234,0.8021693420406872,0.40585647081866727,-0.6875011566794749,-1.0,0.16670995289251866
0.15490179133858584,0.9333233494051011,-0.27101157460063785,-1.0,1.0,0.20605820056540725,3.214431360814618
-0.027874053675175148,-1.0,0.3935323647281712,-1.0,-1.0,-1.0,10.793533097098106
0.7984595038165996,-0.770746415743097,-0.4558985166571623,-0.4919018218092343,0.3019967199008955,0.702636924755489,-1.5910061735254784
-1.0,-0.5449053962492647,0.0647877396072498,-1.0,0.2804083179496538,-0.07718284926749241,0.327743581550167
-1.0,-1.0,-0.5808376110141857,-0.668378467851044,-1.0,-0.27394877704117604,-1.0693972163133285
0.48562135126487627,0.1417796701235738,0.4102184204091117,1.0,0.8008329281912734,-1.0,1.3153100116258905
0.7438421250531133,1.0,-0.5502058035173294,0.6102244493329538,-0.9648674795069092,-1.0,6.74623696472298
-0.28390304971608327,-0.8288535754178156,0.7136929223948443,-0.08740227384832322,-0.14328484479218223,0.3758229078179803,-0.22817308238325712
-0.3206605010173009,0.5548352126335923,1.0,1.0,-0.8164773027796084,0.6633170032483423,-3.338568864554782
-1.0,-1.0,-1.0,-0.20612678467325152,0.23763722595278614,-0.27670814522073295,-2.8706517629629653
-0.24393069951656876,1.0,-0.3835611516101606,1.0,-0.3352372377087369,-0.6482874129933898,2.0102437536108746
0.10786681125052044,-0.21773650477256673,-0.2505338964492221,0.2936567200976322,-1.0,1.0,3.658482394188347
-0.11575907648583428,-0.8979906873617414,-0.1385839122621404,-1.0,-1.0,-0.38548097385930585,5.255810297922442
-1.0,-0.6725809315403752,-1.0,-1.0,-0.498272344533843,0.5167882105205804,-2.034170738752572
-0.28541890731508734,-0.4529068460739823,0.22719845341869793,0.3575044682391095,-0.9855814560997379,0.2218359959165086,0.06592425822683218
-0.3205235340365316,-0.43495875229474845,-0.21309590815513046,0.9802925259081009,-1.0,-0.5559037501508488,0.3952153641494878
1.0,-1.0,-0.8785321833514358,-0.12658897071289923,-0.9923067749927057,0.8236702537604297,6.186918096204414
0.6213579081841116,-0.10419849363281392,-0.45325048283628105,0.8395816347748688,-0.028046496397060264,0.23084782134875018,0.6890586318970999
1.0,1.0,0.7325427059812653,1.0,-0.18163800247517453,-0.24659448783140514,0.6408866669467503
-0.5047976399074126,-0.040741142874461955,-1.0,-1.0,-0.7214594502158496,-0.4650519291175581,-1.9375748353662396
0.44890260069873456,-0.3909447888394677,-0.2698385450399746,-0.9258108483012256,0.5657294076954161,-0.2560926505072545,-0.28179671003184836
-0.544305816214544,-0.6286084098349343,-0.839523510051373,1.0,-1.0,-0.7736320923298805,-2.592150499987347
0.740988909549391,0.30087117025591514,-0.5306093267792936,-0.035835718852365694,0.6712944466264097,-0.855028134555469,-1.4833447544877019
0.33891708625268824,1.0,0.9695950239208943,-0.5650072744102067,-0.8457871155087421,-0.26271270543281333,-1.1095497128138918
1.0,0.2792290733857008,1.0,0.45333425114914716,0.08460881101683881,-0.76430701907444,2.1211702707414406
-1.0,-1.0,-1.0,-1.0,0.5595598958422279,1.0,-2.11397240590968
1.0,0.639670657213903,1.0,0.6092539143035516,0.27119017010323926,0.35342167937037955,-3.2722934960705405
1.0,0.39395725181406327,0.1485725361264586,0.5776709972826708,-0.4014933193900866,1.0,4.086994677057614
0.6501778239277433,-1.0,-1.0,-0.710049379638994,-1.0,-0.6782356778186049,5.661662069110151
-1.0,0.1874482189201644,-1.0,-0.4678094433028732,1.0,1.0,9.150805207170494
0.21177951009150436,-0.8104104811712391,-0.5099067895866213,-0.5312550302029939,-0.1675776411788723,-0.8906278417940365,2.7867050373843583
-0.06407181414280982,-1.0,-0.23768727682182456,-0.47581890094614865,0.11704130367441745,0.7572090080409682,-0.6972680276697656
1.0,-0.027753175587544865,0.6200674013788986,0.7027277074408446,-0.07167104523264883,-0.38178694997609075,1.1627050217254487
1.0,0.8230495766802242,-0.37402948663432617,0.7183619953012577,-1.0,-0.42655255894021527,4.532544821725063
1.0,0.6502459500797934,-1.0,0.5082323614510238,-0.7429024572409844,-0.9328089244703932,5.968213565411213
-0.5400641717411016,-0.056826914281978225,0.509797803501636,-0.9538591646867037,0.20662526930383263,0.8225304044790389,-0.07085559956523929
-0.08202336938345622,1.0,1.0,1.0,1.0,0.7572016578763037,-7.277955010599418
0.0566552627143051,0.49833237589967505,0.31226435140242154,-0.3000561202258782,-0.9818470728105217,1.0,4.683936484677683
1.0,0.6947994916576827,1.0,1.0,0.976138704784583,1.0,-7.187170885554214
0.27296779170694296,-0.742653502559478,-0.6178090411816402,-0.1377339147751975,0.6945736883148519,1.0,2.2299043951334894
0.9258197032209616,-0.6598250735569325,1.0,-0.011820144051218506,-1.0,-1.0,9.33146177042293
-0.1135188329463026,-1.0,-0.31133095874087124,-0.16754699379251514,0.17554969482976135,-0.07614103495071745,-0.9749797178776292
0.6866809360520907,-0.27768397544503576,-0.034367816793108685,0.6514548116367885,0.03801232157756784,-1.0,3.7980430757776404
0.27673424913154965,-0.6326367999856909,0.7934492859826332,1.0,-1.0,0.16564023686098495,2.2682279542767816
-0.25197630889033906,-0.31318924909799284,-0.21998204134189825,-0.914721162966925,-0.7033514492720048,0.5555580783006174,1.3345086942899582
-0.518586444137571,1.0,0.022044436161997943,0.7937081355251815,-1.0,-1.0,1.413675432453949
-1.0,0.594692413647416,0.6411077894240397,0.8171525472876827,0.9432214553045198,-0.6976422624773759,1.227552192178298
0.013682465305282665,-0.0778254205280986,0.09107004096070793,0.03870731508961796,1.0,1.0,2.9113094185966837
-0.5205083832990021,-0.35580521051544334,-0.3771313269713787,-0.023697995293945562,-0.06920163764259024,0.03684500950601218,-0.2137987427224006
0.36256914458988976,1.0,1.0,1.0,-1.0,-1.0,3.5696368042115156
1.0,-0.4166628008941199,-1.0,-0.4375037371102977,0.2729020733888758,0.9693827902164786,1.403274628023277
0.11421504131476436,-0.8165160976948005,-0.9344286860171995,0.24656327110193038,0.8769385544137298,1.0,4.441623271319382
-0.3606189233209329,0.4907319483518814,-0.10561817781644627,-1.0,-1.0,-0.9798158149639613,-0.6612107842049457
-1.0,0.8546207314854493,-0.5231361336822533,-0.7810746074293302,0.7612479016857966,0.500833764176452,5.555788133240844
0.6143837421811099,1.0,0.7894477484902644,0.22815018533048415,-1.0,-1.0,1.057535507861558
0.4759446035638697,0.7445760633487009,1.0,0.5151012398845893,-1.0,1.0,-0.780666651143497
0.35644538272959103,1.0,1.0,-0.7562751466862471,0.4235248566804079,-0.2761283358949955,-3.3439433934270033
0.7413548299472399,0.5336376091363149,-0.066631174816042,0.7838792383703057,-0.8840855949355524,-0.6746717689958789,3.6713526586113012
-0.1227741698109181,-0.30567082331946654,0.503263813392342,-0.7113270605891264,0.16158166047877753,-1.0,3.6389436403462243
0.18062284547159896,-0.3753185650210082,0.188186101946951,1.0,0.5328519633187953,-1.0,1.8919324952636591
0.7955787464094449,1.0,0.9448934587666943,0.8894701003580582,0.7013989591803789,-0.07266203026352852,-6.192845482198291
-1.0,-0.20835506195086922,0.08309254567345849,-0.4295964944734809,-0.43376255707668004,-1.0,1.749539074570527
0.26628632860090673,0.351121106971517,0.9150739550230018,1.0,-0.0324240239797039,0.2040643692404186,-0.8673254869682433
-0.015004577427590704,-0.6348753258093276,-0.46931803736695465,1.0,0.07145564165750695,0.8223800008866431,1.8710896033014415
1.0,0.46745944894303015,0.6653333535376509,0.7003211045564844,-1.0,-0.6563208234990969,6.482617622572858
-0.4149188896117829,0.3554759878426643,0.6736300049514782,0.6476468829146249,-0.7349874196980015,-0.641617943146134,-0.9214483818067579
0.7308063265203635,1.0,0.23366692423241198,0.73123745280338,0.11462608761177301,-1.0,3.4861570528255372
-0.9247089089635396,0.9843434309289535,-1.0,0.6445352797444838,1.0,0.7850608000851462,8.690026439784269
-1.0,-0.4308299837985503,-0.16226323538379572,-1.0,-0.6167175905930649,-0.26828624107563553,0.3623975896244021
1.0,0.7659878923060198,1.0,0.09891044533716686,-0.7173196612757557,-1.0,4.5566275854800065
-0.9976754467325899,0.5822177724289419,-1.0,0.2930262489949938,0.5208514641475728,1.0,9.548467353610548
0.5976096323039368,0.13232889985148427,0.31809162214206,0.5922622506538645,0.6142867448191285,0.01459440148197233,-1.7717185131540516
-0.6873486379573085,0.6273491730536404,-0.4652360589806843,-1.0,-1.0,0.16164440069566524,1.033070175199621
-1.0,-0.9223044890559482,-0.7703104527782259,0.5948575382116604,-0.9183594331120317,-0.05684575690772131,-4.288473030233243
1.0,1.0,-0.5319816016498223,1.0,-1.0,-0.27011914791621994,7.733807102794226
-1.0,-0.7912703363933422,-0.024753354083483226,-0.6875120535614085,1.0,0.3769975109585406,2.615329468215216
-1.0,0.10011182805509122,-1.0,-0.05444443584570974,0.4573994238344652,0.11794280359319875,-0.3714802598105179
1.0,-0.8993350826274836,-0.6186634277853733,-0.3523553595860924,-1.0,-1.0,7.205948650968141
-0.8419164824535799,0.48896782577380177,-0.6470974117540196,-0.06110454927978298,1.0,1.0,10.093686275412658
1.0,1.0,1.0,1.0,-0.8215719546758262,-0.6621290405090798,5.657340129255811
0.32827790482360863,1.0,1.0,-0.1422503891079503,0.559121768441011,1.0,-2.1616184274152745
-0.4374483954478131,-0.2782916409164453,-1.0,0.05920673476735505,-1.0,-0.018622510828801397,-2.3376935807668784
-1.0,-0.6705791605883145,0.16095311852167005,0.25064371731062574,-0.5443358347914433,0.12681755904107855,-1.4165237409488944
1.0,0.8442969793716384,1.0,1.0,0.23814209174503517,0.4126660568392748,-4.232733202957738
1.0,1.0,0.6542421080305592,0.8280878901198487,0.06782805210953266,-0.07978506840743849,-2.142736834481171
-1.0,-1.0,0.022262268310341338,-0.8826638278596717,-1.0,-0.766666927514708,3.956433277611489
-0.12902472796885234,-1.0,-0.5435701569363102,-0.03746165913161392,-0.7605255226388453,0.615488402900281,-0.1383756547421289
0.2832223897731203,0.2699006448363168,0.672982292463147,0.19302090922960735,-0.5963156944527657,0.051758751259574326,0.7119936967730978
0.02946259595489409,-1.0,-0.5602030031646924,-0.596960792458626,0.6139353488977523,-0.6027835330517928,-0.12395368635729564
0.09780301227048482,-0.16620024760500363,0.4557745093538154,-1.0,1.0,1.0,2.4604306420845856
0.42805198264848904,1.0,1.0,0.04835138339737416,-1.0,1.0,-0.1141925600859457
0.3573684813367429,0.5688017362848856,0.5733990034450394,-0.691477000642083,-1.0,1.0,5.64680522748076
-1.0,-0.5071594085296849,-1.0,-0.49902770648488426,0.6915307916069083,0.005535219751026603,-2.8373599437188584
0.022119840081359476,-1.0,0.4599769363956232,0.3866533573772615,-0.29949259556036456,0.5807064706995033,0.6634550361015463
-0.11748044256171464,-0.5076946775779947,-0.32106751777160336,-0.7331261648690746,0.15306282105112423,-0.2445984354068204,0.20903972214717037
-0.4309446673537575,0.44936682984944376,0.5043416112466066,0.8003931706524642,-1.0,1.0,-0.2257660462939985
-0.4859433013072441,-0.8681232791904698,0.3745083317481327,0.7080078304633364,-0.1502077282879022,0.8471054548902099,1.6323017881949184
-0.8714823280302898,1.0,-0.4424508171170626,0.7628323554251681,-0.5387830650259181,0.2624881446351046,-0.032827865732524705
-0.6944798693438392,-0.16297640056005852,-0.3306837119181222,-0.42392302207356747,0.26409481542418395,0.9017601235593014,2.8162998514808555
0.8233280341156788,0.1322941947360483,0.43546252957778236,-0.06983152990963476,-1.0,0.4816190524824656,2.4153787772985944
-0.0684798681642383,-0.16773434144120514,1.0,1.0,-0.35869930511765824,-0.5853915923415521,0.39576160192901416
-0.15580292848570843,-1.0,0.1723646675962448,-0.5818109775334255,0.9863829140158791,0.6189077523587236,1.102341099824487
-0.10655054100153194,-0.40859067092070434,-0.70746155972987,-1.0,0.9438935131943194,0.8227478763560376,3.078343556323484
-0.9728366709521904,0.5989988064779129,-0.7370082343438581,-0.8507655235290563,-1.0,-0.7968326322782622,-1.317922836811949
-0.6968057424476675,-0.2899389446859588,1.0,-0.48077850698796853,-0.5990855302830769,-0.3368628312636217,-0.1564834652014408
-0.7935924122295721,-0.5224693879973022,-1.0,-0.7274538517213768,-1.0,-0.4218642741881402,-1.435037461505705
-1.0,-1.0,-1.0,-1.0,0.6514781142042793,1.0,-1.3260908280357315
-0.12418976866143988,1.0,0.6399020021270474,0.46554482143415643,1.0,0.1277063840606511,-0.9783053674376119
0.30913283289112203,0.9092847848259558,0.6658948405079581,1.0,0.43889059095651556,-1.0,0.14173668839730075
0.053865611478218695,0.7254989139311399,-0.5903262398788446,0.14791125295360452,0.7179466312020713,-0.20108363824434378,-0.19137090562143677
-0.06393216425032999,-0.02065482013534553,-0.9634628867045961,-1.0,0.6409057756616343,0.5762829493262753,0.8006959075104492
-0.9615595207364139,1.0,1.0,0.27999542934506993,1.0,1.0,-2.6916942886601687
1.0,0.8087892937607073,1.0,0.9061517464701092,0.9200691468493006,1.0,-8.677044032936593
1.0,1.0,-0.19953578905446429,-1.0,0.9407115591257824,-0.40684670077418544,-0.04201627397855889
-1.0,-1.0,-0.606126869984065,-1.0,-0.04414937558749821,-0.15280809491849534,-4.01180069628303
-0.17789798853869465,-1.0,-0.9848173522708278,-1.0,-0.8009490746527509,-0.3256723639185406,-0.02505861252059599
0.7652302271621858,0.07700163973598584,1.0,-0.2560715907155855,-0.0476516511511651,-1.0,3.6521392648940116
-0.5540116812648674,-0.3370546340725774,-0.3908292998841333,0.7146800206578141,0.2808591955702995,0.24989016265793268,1.1104081000057133
-1.0,-0.3636576775337945,0.475865263245536,-0.39301136716274354,-1.0,-0.23725066008894613,-1.4112690660440577
-0.736704432262522,-0.6082734583478142,-1.0,-0.4255462388320752,1.0,0.34752558150170965,-1.7694700683178635
0.00023479438854825951,-0.7014733204068638,-0.4721710722034323,0.5146472736745027,-1.0,-0.5348930972499297,0.20019268324604195
-0.9796478705966188,-1.0,-0.049215053319336566,-1.0,1.0,0.592045303832158,1.6270315612042159
0.030872591377391734,0.715164605851176,1.0,0.01119301403264461,0.392300156108234,1.0,-1.0121151545702605
-1.0,-0.048872353354159515,-0.5966840379114888,-0.009410138690309378,-1.0,0.17436110815867048,-3.1274278722339206
-1.0,-1.0,-1.0,-0.539770343420924,-0.73967134422217,-0.8054268776007895,0.5651414917501674
-1.0,-1.0,0.25808194002968343,-0.7330842811879309,1.0,-0.33996724657466815,5.006765233137615
0.12667268226908257,1.0,0.1118332742295225,1.0,0.8471034212011103,-1.0,0.3670978923448332
-0.6460798448787604,-1.0,-1.0,1.0,-0.5919597694707184,-0.8683870464478318,-3.544783620023432
0.9261940618370322,0.9948255163218075,0.595630170450465,-0.4870590618838353,1.0,0.6610403526799467,-2.0283832423672394
-0.6286792008145086,-1.0,-0.8179720329265089,-0.6372360955960048,-0.0983844785982346,-0.31896837917020315,-2.3212085471916573
0.4620875468850152,0.8965582875565263,0.19741251837078422,-0.46972112899231877,0.35167814072109044,1.0,3.4890197838389945
0.5558952980576792,0.39178968371331846,1.0,0.24355245711888973,-0.5119976764259978,0.7587200137689992,-0.9599054404093499
-1.0,0.09474550576935346,0.563604543875609,0.8595766313413675,1.0,-0.18666396771131277,1.7526542018753708
-0.109731757038808,-0.38365397830916176,0.6774394804641664,0.5052902708736895,1.0,-0.722786611180509,1.096754678861882
0.9267276236997493,0.20642740847251978,0.32411588089710336,0.6070633657291021,-0.009505035049144794,-0.9197199031943636,4.907771356421383
-1.0,-1.0,0.7973369764265413,-0.21187382030797902,-1.0,-1.0,3.5679661154355173
-0.016961034357076243,1.0,-0.6124469035870851,1.0,0.3579185457544116,-0.29344768493118606,0.2603182442823101
-0.3338487153589602,-0.3667560293287103,-1.0,-0.2761016618073431,-1.0,-1.0,2.0728164956955735
1.0,0.43481221264686387,0.5996064164730275,1.0,0.8403346203148976,-0.18980873984844915,-2.060612584305798
-1.0,-1.0,-1.0,-0.22199125288778843,0.2851094837875703,-1.0,5.230159077930825
-0.3716597544268422,0.7466547385251578,0.7207261731152746,0.5471406637309023,1.0,1.0,1.9611921581120286
-0.3998671554342089,0.41088311562005364,-1.0,0.15904017424221795,-1.0,-0.5188530564823681,-2.012124584952306
1.0,0.4688280523452022,0.31794607018830945,0.2957754735087277,0.5957631046164156,0.0739306566380955,-1.5763142651202506
-1.0,-0.6292675203935041,-0.6901245771355655,-1.0,-0.3167717382131029,-1.0,3.219459832023265
1.0,0.10313408821016723,1.0,1.0,-1.0,-0.14632300240653928,4.898834789123747
-0.12088625914492812,-0.9333864073815996,-1.0,0.033867148563681004,0.26322748674857627,-0.5985267607832839,-0.8176473845009449
-0.13577356366200752,0.6509243216577365,-0.19679365130257812,0.9947306705145689,0.9437294904562645,0.8592980833623498,3.048758162570174
0.7526425714151661,-0.24034642919250374,0.5784709582823928,-0.46615475698741793,-1.0,-0.30559224297869647,3.3327795757850778
0.7719202325955649,-0.19602797173793454,0.28978912912575927,0.06692150515159778,-0.8287658311226367,1.0,5.65158024054947
-0.3940817115779831,-0.5992853259354245,-0.744122939863542,0.14160639746490106,0.030631612218614324,0.8589508170468829,2.966785334300935
-0.44789268268439697,-0.1101548106179909,-0.9501752681176749,-1.0,1.0,0.23087329283798796,1.1289741727213491
-0.9784952018577522,0.11368685559381458,-1.0,0.3991979047741465,-0.11693765474709195,0.3763187086870613,0.14430255089422964
0.6023885620756236,-0.9985272970955663,-1.0,0.033605709733889995,0.07014652758315787,-0.9624481825703545,0.2709110168319711
-1.0,-0.9348705775040558,1.0,-1.0,0.029569667714503034,-0.7410038980107805,4.049584869192103
0.2260839814882345,0.6327771428804607,1.0,-0.1084920649804485,0.6377423839517035,0.8894057834876208,-1.3809131031251856
-0.1523410185670398,-0.3580703433297695,0.2995465581728455,-0.9453629046202242,-0.8715026414219239,0.6320203810541645,2.155332378229478
-1.0,-0.17807678313592334,-1.0,-1.0,-0.14253542698633348,-1.0,5.395389618213592
1.0,-0.683538889630756,1.0,1.0,-0.17824256151894102,1.0,-0.3115354193596971
0.33049969521935146,-0.2080419603644421,0.13957673591770448,0.12822339276810124,0.5083695044826081,0.7175888940305524,-0.11548212287199705
1.0,0.5070764637165273,-1.0,-1.0,0.6981190025771551,0.7320920588072359,1.242466237737081
-1.0,-0.571143564753459,0.23531344482151106,-0.5779217522213141,-1.0,-0.5057037356007493,0.16754933131440497
0.7326387524363418,-0.6637512502963522,-0.28593831124308167,-0.3069024098592815,1.0,0.9378898416228685,-0.9026525528308048
0.26245774087894624,1.0,0.05171601007100124,0.22101580817632582,-0.04172949115390351,-0.600247667063055,0.16098781269611465
0.08749899873566036,1.0,0.32181050263204836,1.0,0.9455649147867566,1.0,2.507945452407104
0.05107938203149165,1.0,-0.13101847040709302,1.0,1.0,0.7124468524077866,0.7990253033001931
0.858654452046168,-0.1089376124439331,0.4472831114664313,-1.0,-1.0,-0.46519068996161306,6.918063792290476
-0.47711202496361027,-1.0,0.6010458044748548,-1.0,0.1884620460797205,1.0,-1.430258761754811
-0.7562758133907335,-0.9685903375652399,1.0,0.6112013919246939,0.8191221694704243,0.32523738987692474,1.3000518415482984
0.9653967510258998,0.5642995880530446,1.0,0.5218746025613692,0.8050727724134601,0.6758019515699021,-5.781773705700233
0.5910655849076304,-0.023471971511615286,-0.49856167846481353,-0.17084370367512458,0.04270868205214018,-0.33568013853165657,-0.0793656688150195
-0.7121183193015085,-0.5642818835661557,0.7517466004081186,0.14861665797805956,0.12329572506519826,-0.6133402158246015,2.1457297499724617
-0.1262013686242457,-0.9357677721653228,-0.734893638012918,0.29775553404053223,0.09326847462055075,-0.06519722542329787,-1.763089966921199
0.17975386048356445,1.0,1.0,1.0,-0.27128110870870137,1.0,-5.417261478788703
-0.37801102299395395,-1.0,-0.6684708865895488,-0.7234818465605607,-0.47409702333718196,-1.0,2.6343344553840864
-0.9219659276687171,-1.0,-0.7344015834465102,-0.7240202537071168,-0.5335472365273728,0.34739367162782675,-3.4726410740338074
-0.644353210401957,-1.0,0.35996817282323884,0.577835421887518,0.8211612828266853,0.4495077315408678,2.192728580962219
0.7685589741714624,0.9586971217733735,0.23590382864682102,-0.38781072769743224,1.0,-1.0,0.13903725920373056
0.9753328804782546,-0.5147514459099463,0.3547148785904718,0.8344349885838233,-0.44886735508232595,1.0,4.592165657571293
-0.6840402193925864,0.4408806701424621,-0.006856749339299029,-1.0,-0.5760789676913329,0.9937822194298888,2.8860669065919775
0.7729801543326575,1.0,0.46657284296229684,0.8914490376147244,1.0,-0.7860717962279556,-0.9469821101013669
-1.0,-1.0,0.23608446699669552,0.2651079816391085,0.21645728391817087,1.0,1.4821857502498386
-1.0,-1.0,-0.8854418476979131,-0.9884745109236086,-0.6079751360063383,-0.8975303824994232,1.654594157882749
1.0,-0.65489858451361,-0.94022682626758,0.538796245579595,0.07847685338989602,-0.24207913722057683,-0.9833823222077442
0.4831191421250665,-0.5255011466475947,-0.27716933443131675,-0.6444426638510299,-0.05461348838129643,-0.5510232343220731,0.913699140506167
-1.0,-0.21935832708603747,-0.0068309340710303035,-1.0,0.841184456357974,0.7334505902177862,3.415278947443339
-1.0,-1.0,-0.44357044763081555,-0.03595808451612548,0.26825023317058905,0.5596216070176607,-0.5454183005115238
0.5537008334816168,-0.9530457189363588,0.2048223870727806,1.0,1.0,0.7678131528121661,1.2694992084619883
0.20301640015445588,0.5389520547437215,1.0,0.6684111363025962,0.38012921505588587,1.0,-2.7570211443773025
-1.0,-0.354956862762953,-0.9451302905022606,1.0,0.003926473721428014,0.4655191227905049,-0.6289078463987678
-0.5261019699854543,-0.03740150563989708,-1.0,-0.11912580325056976,1.0,1.0,7.535973737200982
-1.0,-1.0,-1.0,-0.9978698173815783,0.39327093733033935,1.0,-2.2709056107020724
-0.5167248993437746,-1.0,-0.11921606487547387,-1.0,-1.0,0.2466556364254341,3.2886220179720405
0.29676852788619884,0.10616777250933529,-1.0,0.7716435108072639,-1.0,-0.13992875982743203,0.17524030668797808
-1.0,0.5401390846098534,-1.0,-0.6572628049918819,-1.0,-0.23732456438830124,-2.385006208199147
0.532269721701895,-0.00740194179579956,-0.16819581526984895,0.15457150257995234,0.05311333906894311,1.0,2.364150379976331
0.4963161710737613,1.0,-1.0,0.30897615293724223,-0.41421286260611806,0.7622064843703876,6.380573432440734
0.5369328912220526,-0.2612766259123976,1.0,1.0,1.0,1.0,-3.1948349259722755
-0.02514309605821552,-0.20015792574763114,0.032441482234699504,0.5145359794104452,-1.0,0.03708081728871748,0.6927851112197128
1.0,1.0,0.31224527423403187,0.3435651355563314,0.7561951543586964,-0.5694549817048633,-1.4939123791707634
-0.8083035534227468,0.9491653585939088,-0.763376499711353,-1.0,1.0,0.05887210267844356,4.325876794845704
-1.0,-0.6192492805098339,0.7322857349163214,-0.32989949211948916,0.42130911436412344,0.8384778149488157,-1.1347602400135535
0.9753586181126186,0.9864089444162929,-0.351773005028874,1.0,-1.0,-0.18357502623771968,6.353769765292807
-0.5090450405854066,-0.2553091756020746,1.0,0.2418239318359392,-0.46377643600942486,0.533354269552169,-0.7522802582127941
0.17959911901877046,0.4874724967675279,0.535987226012541,1.0,0.4105823347812836,-0.18055836770738398,-1.2032506075912495
0.09702251435090792,-0.6356226435196051,0.5023463163523889,-0.540589977352227,-0.4269855576859798,-0.3845714895604066,1.8066773566438294
0.5225130415609429,1.0,1.0,1.0,-0.9724450100610329,0.6269964086164871,-1.1006759047406547
0.3871496046512799,0.10397439243135057,-0.06045726862259421,-0.20771553454543856,0.4879379570229243,1.0,3.12287845098025
-0.9485074652698114,-0.9851877631594324,-0.735020229075733,-1.0,0.2778778182979652,0.38759606743466524,-6.034307204058728
1.0,1.0,0.36508491178311386,0.14882994647277092,0.8723412726791295,0.9503021255994081,-0.29682169762454075
-0.04083790110882374,0.4493749377340267,-1.0,0.8529642769164609,0.27290028822000434,-0.02182006737005393,-1.0394591247495792
0.439368861914722,-0.29308890428758566,0.19755385127652067,0.553505283234651,-0.9270040229440146,-0.3731987045002076,2.9363038228088247
-0.014043190070164802,1.0,-0.6565219213960157,1.0,0.5151659435358147,-1.0,2.339766291278894
1.0,0.535157495912236,-0.2876507882240166,-0.31231502029575786,0.3120137908781202,0.6108944234359969,0.04420427204888322
0.559375348962899,-0.04274980424812003,-0.8393560616060182,-0.6858354016376731,1.0,0.5585139662393711,-0.5124639665210404
-0.3627068822265751,0.5561953733733119,0.507703106790553,0.2095262254097992,-0.09932057598025917,1.0,0.9784456450536468
0.0006634517053272226,0.08001703964732865,0.7865747887601723,1.0,0.9375238953121978,0.46796610863209676,-1.0809097293255434
-1.0,-1.0,-1.0,-1.0,-1.0,-0.42178652088995017,-1.314631354676639
-0.24655500680915154,0.488264437102002,-0.4793852538876647,1.0,1.0,1.0,6.9445642127177685
0.3903598309390526,1.0,0.160508455994949,1.0,-0.5107899099143094,-0.929238897549497,5.1325887661921
-1.0,-1.0,-1.0,-1.0,0.847545785200371,1.0,-2.0355616704399657
0.39521200167063897,-0.21305043005984658,-1.0,-1.0,-0.37880385237232483,-1.0,2.323857909648713
0.44900244994596866,-0.3115799605769096,-1.0,0.33510534478624876,-1.0,0.07917812615156107,1.7055964422063694
1.0,1.0,0.6683843276746672,1.0,0.25224889042282617,1.0,-2.5381434556574924
0.7160243167719532,0.7553373940086582,-0.7545864870556125,0.38826802836936813,-0.2978408504081308,-0.9882679905882709,3.791286032277196
-0.6910649110375504,-0.3354225085828575,-0.313728446184661,-0.43465329288530974,1.0,-0.1949843905811084,1.7032722194425345
0.494028061706953,1.0,0.24090251204054502,1.0,-0.17938074362102968,-0.4193049941560084,1.8871372112292755
1.0,-0.42148093083023386,-0.12064832088690769,0.21263383896709087,0.05007921407461169,-0.20780756173403486,-0.1772331223079396
-0.5568792521997743,-0.25673160237480463,-0.092730159129499,-1.0,-0.08413795905518384,0.4348759676600269,-0.38304000701677626
-1.0,-0.8067178310614609,-1.0,-0.9081096238405917,-0.8053792796492565,-1.0,3.260942883536152
0.6321100681105403,-0.10564496080398034,0.1896732263970845,1.0,0.353949417723235,-0.9097364875013131,1.5316951272588768
-0.9504761215927575,-0.5477161374685271,-0.23345955168141663,-0.45693176496117927,1.0,-0.9987861297827183,6.169592697640202
-0.8011472375913189,-0.8611107717574564,-1.0,-1.0,1.0,1.0,1.5313992255273856
-1.0,-0.988265289634464,-0.7226961739422624,-0.5215593810076905,-1.0,-0.2037510248847909,-2.5107782409637585
-1.0,-0.9365882881102376,-1.0,-1.0,-1.0,0.057266952072321645,-2.9146873487957667
1.0,0.08013270611653223,1.0,0.235709809016162,-0.8702745103191291,0.6531049631392731,3.3111389767636368
-0.3423604379643419,-0.43790209957129655,-0.6594443777681074,-1.0,1.0,0.9761121592078809,5.0646154019913645
0.44438511588001783,0.7211445680922428,1.0,0.5947242635133609,1.0,0.6411191507218161,-3.1554824626164386
-0.9536195804308494,-0.1394655487056151,-1.0,-1.0,-1.0,-0.09034503476267086,-1.5006424850792834
1.0,-0.009197791023778046,1.0,0.018209528200603398,1.0,0.7279017191840096,-6.005725489735006
-1.0,-0.49149546463944016,-1.0,-0.560233271622667,-0.9819482686812584,1.0,4.674841023306905
-0.844439973632654,-1.0,0.33660162564276574,-0.9434442129620937,-0.24121801440973223,-0.772206901715208,4.439218721645232
0.42326574387062726,0.6293342529950239,0.2195114071198478,-0.6342795470556806,0.6893005625912858,1.0,3.207934698287387
1.0,0.23796256421768408,1.0,-0.8424481272825994,-0.5868851896600709,-0.15656751416631987,3.230331495489592
0.816273152333697,1.0,-0.0872717950647049,1.0,0.31966887827682156,-0.4648290981517817,0.7452352262559838
0.31332754192095535,0.6261278868257378,0.7114853617779675,-0.3558392542528599,0.7493938704115803,0.6346207327794605,0.007482379917284565
-0.36938477050029206,-1.0,-1.0,-0.29812303154527875,-0.5586297404429615,0.6820616423069364,-1.2662430427417282
1.0,0.16348481605744952,-0.19892579965342105,1.0,0.4555200523236178,1.0,2.3533781645014753
1.0,0.3298077438171976,1.0,0.8006054490718222,-1.0,-0.39999110323272064,5.435170865746072
0.8063040436516179,-0.912183001167323,-0.7259305301669101,-0.16643175952868583,0.482873295609694,1.0,-0.8353196603860159
-0.26060853447630994,1.0,0.5559279159376799,0.2312478365075631,0.393869808691377,-0.8712656885578788,0.46622121281403706
-0.20018598861324066,-0.4384302226173382,-0.03801766916418703,-0.04505483225013296,-1.0,-1.0,1.9402433065417182
1.0,1.0,0.7805690605947505,0.496307395553119,-0.4049173823077732,-0.4678392750897489,1.481019070764347
